Date,Adj Close,Close,High,Low,Open,Volume
2019-11-01,171.63995361328125,193.94000244140625,197.97000122070312,193.6999969482422,197.77999877929688,4192400.0
2019-11-04,166.96702575683594,188.66000366210938,190.75,187.5500030517578,190.16000366210938,5396225.0
2019-11-05,170.08224487304688,192.17999267578125,193.0,189.4499969482422,189.64999389648438,5396225.0
2019-11-06,171.85232543945312,194.17999267578125,195.27000427246094,193.0500030517578,193.3000030517578,5396225.0
2019-11-07,170.8787841796875,193.0800018310547,196.0,192.32000732421875,195.72000122070312,4820200.0
2019-11-08,171.34786987304688,193.61000061035156,194.77999877929688,193.22000122070312,194.60000610351562,3499400.0
2019-11-11,170.48941040039062,192.63999938964844,194.25,192.5,193.6300048828125,2746700.0
2019-11-12,171.05581665039062,193.27999877929688,193.86000061035156,192.77000427246094,193.0,2930600.0
2019-11-13,172.57803344726562,195.0,195.08999633789062,193.50999450683594,193.77000427246094,3405000.0
2019-11-14,171.6929931640625,194.0,195.5,193.16000366210938,195.22999572753906,3173900.0
2019-11-15,171.6664581298828,193.97000122070312,194.7899932861328,193.30999755859375,194.57000732421875,2991300.0
2019-11-18,171.9408416748047,194.27999877929688,195.72000122070312,193.86000061035156,194.1999969482422,3420300.0
2019-11-19,171.1974334716797,193.44000244140625,194.39999389648438,193.00999450683594,194.1999969482422,2910500.0
2019-11-20,171.8080596923828,194.1300048828125,194.97000122070312,193.5399932861328,193.58999633789062,3131300.0
2019-11-21,170.2327117919922,192.35000610351562,194.66000366210938,192.25999450683594,194.27999877929688,3509500.0
2019-11-22,170.93186950683594,193.13999938964844,193.4199981689453,192.14999389648438,193.19000244140625,2417700.0
2019-11-25,169.82562255859375,191.88999938964844,194.32000732421875,191.60000610351562,193.94000244140625,3999600.0
2019-11-26,171.70187377929688,194.00999450683594,194.02999877929688,191.9499969482422,192.0,3877200.0
2019-11-27,173.7285614013672,196.3000030517578,196.6699981689453,193.9199981689453,194.25999450683594,4133000.0
2019-11-29,173.22085571289062,194.47999572753906,196.5399932861328,194.27000427246094,196.50999450683594,2815500.0
2019-12-02,173.84434509277344,195.17999267578125,195.58999633789062,193.77999877929688,195.3800048828125,3197500.0
2019-12-03,172.00950622558594,193.1199951171875,195.0399932861328,192.35000610351562,194.3000030517578,3745300.0
2019-12-04,173.06942749023438,194.30999755859375,194.47000122070312,192.88999938964844,193.58999633789062,2217200.0
2019-12-05,172.98037719726562,194.2100067138672,194.5,193.13999938964844,194.5,2819600.0
2019-12-06,173.99575805664062,195.35000610351562,195.74000549316406,194.11000061035156,194.5500030517578,3095100.0
2019-12-09,173.39898681640625,194.67999267578125,196.35000610351562,194.2899932861328,195.66000366210938,2227500.0
2019-12-10,173.63946533203125,194.9499969482422,195.38999938964844,194.27999877929688,194.6199951171875,2470100.0
2019-12-11,173.43460083007812,194.72000122070312,195.75,194.25999450683594,195.6699981689453,2490300.0
2019-12-12,174.85076904296875,196.30999755859375,197.1699981689453,194.91000366210938,195.25,3024700.0
2019-12-13,175.57225036621094,197.1199951171875,197.3300018310547,195.33999633789062,196.0399932861328,2077900.0
2019-12-16,176.24916076660156,197.8800048828125,198.16000366210938,196.47999572753906,197.58999633789062,3650100.0
2019-12-17,175.03787231445312,196.52000427246094,198.72000122070312,196.4499969482422,197.60000610351562,3338200.0
2019-12-18,174.2451171875,195.6300048828125,196.7899932861328,194.7100067138672,196.60000610351562,4287700.0
2019-12-19,175.51881408691406,197.05999755859375,197.17999267578125,195.25,195.4600067138672,3345700.0
2019-12-20,175.59007263183594,197.13999938964844,199.0,196.64999389648438,198.5500030517578,5396225.0
2019-12-23,174.7528533935547,196.1999969482422,197.5399932861328,196.02999877929688,197.5399932861328,2388900.0
2019-12-24,175.17147827148438,196.6699981689453,197.13999938964844,195.6699981689453,195.92999267578125,1152500.0
2019-12-26,175.51881408691406,197.05999755859375,197.16000366210938,196.16000366210938,196.61000061035156,1809600.0
2019-12-27,176.50750732421875,198.1699981689453,198.47000122070312,197.17999267578125,197.3300018310547,2263900.0
2019-12-30,175.38523864746094,196.91000366210938,197.8000030517578,195.94000244140625,197.5800018310547,2242400.0
2019-12-31,176.0087432861328,197.61000061035156,197.9499969482422,196.55999755859375,196.8000030517578,2278700.0
2020-01-02,178.8411102294922,200.7899932861328,200.8000030517578,197.80999755859375,198.0,3554200.0
2020-01-03,178.2086944580078,200.0800018310547,200.5500030517578,198.85000610351562,199.38999938964844,2767600.0
2020-01-06,180.21275329589844,202.3300018310547,202.77000427246094,199.35000610351562,199.60000610351562,4660400.0
2020-01-07,180.47998046875,202.6300048828125,202.67999267578125,200.50999450683594,201.8699951171875,4047400.0
2020-01-08,183.40142822265625,205.91000366210938,206.69000244140625,202.1999969482422,202.6199951171875,5284200.0
2020-01-09,185.57469177246094,208.35000610351562,209.3699951171875,206.10000610351562,206.86000061035156,5396225.0
2020-01-10,184.6127471923828,207.27000427246094,208.9499969482422,207.27000427246094,208.44000244140625,2336400.0
2020-01-13,183.93585205078125,206.50999450683594,207.77999877929688,205.75999450683594,207.3800048828125,2784200.0
2020-01-14,184.65731811523438,207.32000732421875,207.64999389648438,205.4600067138672,205.4600067138672,2622700.0
2020-01-15,186.83949279785156,209.77000427246094,210.35000610351562,207.32000732421875,207.32000732421875,3369400.0
2020-01-16,187.8013916015625,210.85000610351562,211.11000061035156,209.22000122070312,210.11000061035156,2726700.0
2020-01-17,188.80789184570312,211.97999572753906,212.77000427246094,211.35000610351562,211.4199981689453,3540400.0
2020-01-21,188.07754516601562,211.16000366210938,212.25999450683594,210.22000122070312,211.3699951171875,4100500.0
2020-01-22,188.326904296875,211.44000244140625,213.66000366210938,211.41000366210938,213.16000366210938,2757400.0
2020-01-23,190.09043884277344,213.4199981689453,213.5,208.6199951171875,210.5399932861328,3378200.0
2020-01-24,188.14878845214844,211.24000549316406,214.17999267578125,210.89999389648438,214.17999267578125,3106300.0
2020-01-27,186.4564666748047,209.33999633789062,210.61000061035156,207.3000030517578,207.83999633789062,3389300.0
2020-01-28,187.3916778564453,210.38999938964844,212.2100067138672,209.86000061035156,209.88999938964844,3855200.0
2020-01-29,190.99900817871094,214.44000244140625,216.4199981689453,210.8000030517578,211.69000244140625,5396225.0
2020-01-30,192.5487518310547,216.17999267578125,216.74000549316406,212.8300018310547,214.0,3560700.0
2020-01-31,190.58035278320312,213.97000122070312,217.10000610351562,213.13999938964844,215.52000427246094,3920800.0
2020-02-03,191.65806579589844,215.17999267578125,216.8800048828125,214.22999572753906,214.99000549316406,3539200.0
2020-02-04,191.1593017578125,214.6199951171875,216.69000244140625,214.25,216.11000061035156,3367900.0
2020-02-05,190.93661499023438,214.3699951171875,215.77999877929688,213.00999450683594,215.63999938964844,2911400.0
2020-02-06,189.60060119628906,212.8699951171875,214.82000732421875,212.63999938964844,214.72000122070312,2903300.0
2020-02-07,188.4783477783203,211.61000061035156,212.83999633789062,211.08999633789062,212.55999755859375,2421600.0
2020-02-10,189.90341186523438,213.2100067138672,213.27999877929688,211.25,211.33999633789062,2318800.0
2020-02-11,192.14796447753906,215.72999572753906,215.86000061035156,213.64999389648438,214.0,2694500.0
2020-02-12,193.68885803222656,217.4600067138672,217.47000122070312,215.11000061035156,216.0,2844900.0
2020-02-13,193.6532745361328,217.4199981689453,218.38999938964844,216.19000244140625,216.7100067138672,2853400.0
2020-02-14,193.35926818847656,217.08999633789062,217.83999633789062,216.3800048828125,217.5,1720400.0
2020-02-18,192.5220489501953,216.14999389648438,217.0399932861328,215.6699981689453,215.9199981689453,2712600.0
2020-02-19,192.0589141845703,215.6300048828125,216.9199981689453,215.61000061035156,216.80999755859375,2229500.0
2020-02-20,191.56903076171875,215.0800018310547,216.64999389648438,212.77999877929688,216.14999389648438,2869400.0
2020-02-21,192.2726287841797,215.8699951171875,216.3699951171875,214.3000030517578,215.24000549316406,2791200.0
2020-02-24,190.17958068847656,213.52000427246094,215.17999267578125,210.11000061035156,210.5800018310547,4218800.0
2020-02-25,188.91476440429688,212.10000610351562,216.8300018310547,211.14999389648438,214.5800018310547,5053700.0
2020-02-26,187.13340759277344,210.10000610351562,214.55999755859375,209.75,212.88999938964844,4190800.0
2020-02-27,179.0281524658203,201.0,210.0,200.92999267578125,207.6999969482422,5396225.0
2020-02-28,174.02699279785156,194.1699981689453,198.44000244140625,188.80999755859375,196.0,5396225.0
2020-03-02,181.53762817382812,202.5500030517578,202.5500030517578,193.17999267578125,193.80999755859375,5396225.0
2020-03-03,178.8130340576172,199.50999450683594,205.6699981689453,197.16000366210938,202.0,5115200.0
2020-03-04,185.54396057128906,207.02000427246094,207.16000366210938,200.89999389648438,201.92999267578125,4260400.0
2020-03-05,177.74649047851562,198.32000732421875,203.91000366210938,196.3300018310547,202.63999938964844,4107200.0
2020-03-06,178.23046875,198.86000061035156,199.5800018310547,191.2100067138672,192.89999389648438,5396225.0
2020-03-09,167.475341796875,186.86000061035156,194.47000122070312,184.10000610351562,187.6699981689453,5396225.0
2020-03-10,179.1267547607422,199.86000061035156,200.0,187.88999938964844,190.9499969482422,5396225.0
2020-03-11,168.72116088867188,188.25,195.74000549316406,185.8300018310547,192.94000244140625,5396225.0
2020-03-12,152.4808807373047,170.1300048828125,179.83999633789062,169.3800048828125,174.77999877929688,5396225.0
2020-03-13,158.7547149658203,177.1300048828125,179.47000122070312,168.1999969482422,178.25999450683594,5396225.0
2020-03-16,133.5518341064453,149.00999450683594,161.9199981689453,147.6300048828125,157.10000610351562,5396225.0
2020-03-17,132.3060760498047,147.6199951171875,149.47999572753906,138.42623901367188,148.02000427246094,5396225.0
2020-03-18,123.05662536621094,140.05750846862793,141.7100067138672,138.42623901367188,139.93624877929688,5396225.0
2020-03-19,133.99102783203125,149.5,154.83999633789062,138.42623901367188,139.93624877929688,5396225.0
2020-03-20,133.08578491210938,148.49000549316406,161.5399932861328,147.77000427246094,153.58999633789062,5396225.0
2020-03-23,122.87738037109375,140.05750846862793,153.2100067138672,138.42623901367188,142.9499969482422,5396225.0
2020-03-24,145.1494903564453,161.9499969482422,162.97999572753906,146.10000610351562,149.0,5396225.0
2020-03-25,146.07261657714844,162.97999572753906,171.36000061035156,159.22000122070312,165.0,5396225.0
2020-03-26,149.9893035888672,167.35000610351562,170.92999267578125,161.0,163.99000549316406,5396225.0
2020-03-27,146.99575805664062,164.00999450683594,169.74000549316406,159.22000122070312,162.77999877929688,5396225.0
2020-03-30,150.68838500976562,168.1300048828125,170.30999755859375,163.57000732421875,164.9199981689453,5396225.0
2020-03-31,148.19674682617188,165.35000610351562,169.50999450683594,165.0,166.83999633789062,4519900.0
2020-04-01,141.76162719726562,158.1699981689453,161.44000244140625,156.35000610351562,160.22000122070312,4668900.0
2020-04-02,144.74615478515625,161.5,161.9499969482422,155.0,155.0,4803200.0
2020-04-03,143.69754028320312,160.3300018310547,162.22999572753906,156.14999389648438,160.30999755859375,5050400.0
2020-04-06,158.6740264892578,177.0399932861328,177.8699951171875,168.24000549316406,169.1999969482422,5396225.0
2020-04-07,157.37449645996094,175.58999633789062,185.19000244140625,175.16000366210938,184.52999877929688,5396225.0
2020-04-08,159.077392578125,177.49000549316406,179.4199981689453,174.10000610351562,175.00999450683594,5396225.0
2020-04-09,164.64312744140625,183.6999969482422,185.4600067138672,179.6199951171875,180.72999572753906,4901300.0
2020-04-13,161.4345245361328,180.1199951171875,182.85000610351562,176.91000366210938,182.67999267578125,3182500.0
2020-04-14,164.903076171875,183.99000549316406,184.49000549316406,181.83999633789062,183.75,3863800.0
2020-04-15,159.3910675048828,177.83999633789062,180.97000122070312,177.27000427246094,178.74000549316406,4961500.0
2020-04-16,160.8788299560547,179.5,179.91000366210938,172.27000427246094,177.0,5396225.0
2020-04-17,166.79417419433594,186.10000610351562,186.80999755859375,180.22999572753906,182.32000732421875,5396225.0
2020-04-20,162.80581665039062,181.64999389648438,185.77999877929688,181.5500030517578,184.4499969482422,3856500.0
2020-04-21,159.1580047607422,177.5800018310547,179.38999938964844,176.10000610351562,177.3699951171875,4758300.0
2020-04-22,167.13475036621094,186.47999572753906,187.72999572753906,180.75,180.75,4243600.0
2020-04-23,163.1553497314453,182.0399932861328,187.3300018310547,181.32000732421875,186.16000366210938,5050100.0
2020-04-24,164.92994689941406,184.02000427246094,184.35000610351562,180.86000061035156,183.25999450683594,3319600.0
2020-04-27,166.60597229003906,185.88999938964844,188.3699951171875,184.77000427246094,185.14999389648438,4048200.0
2020-04-28,166.64181518554688,185.92999267578125,190.0,185.57000732421875,190.0,3805000.0
2020-04-29,168.3357696533203,187.82000732421875,190.41000366210938,186.8800048828125,188.52999877929688,3465200.0
2020-04-30,168.10272216796875,187.55999755859375,188.30999755859375,180.75999450683594,182.0,5396225.0
2020-05-01,163.71104431152344,182.66000366210938,185.5399932861328,182.14999389648438,184.0,3764800.0
2020-05-04,163.0029754638672,181.8699951171875,182.4600067138672,178.8699951171875,181.30999755859375,4027100.0
2020-05-05,160.64584350585938,179.24000549316406,183.86000061035156,179.11000061035156,183.52999877929688,3828400.0
2020-05-06,158.61131286621094,176.97000122070312,181.1199951171875,176.86000061035156,180.60000610351562,3916900.0
2020-05-07,162.330810546875,181.1199951171875,181.55999755859375,178.3000030517578,179.5,3039600.0
2020-05-08,162.42938232421875,181.22999572753906,183.42999267578125,179.91000366210938,183.1999969482422,3411600.0
2020-05-11,162.11572265625,180.8800048828125,182.8800048828125,178.52000427246094,179.3699951171875,2631300.0
2020-05-12,158.22592163085938,176.5399932861328,182.58999633789062,176.44000244140625,181.97000122070312,3610600.0
2020-05-13,154.89183044433594,172.82000732421875,176.57000732421875,171.00999450683594,176.17999267578125,4729100.0
2020-05-14,157.21316528320312,175.41000366210938,175.66000366210938,167.85000610351562,170.1999969482422,4868400.0
2020-05-15,155.7791290283203,173.80999755859375,174.7100067138672,171.67999267578125,173.0500030517578,5396225.0
2020-05-18,161.17465209960938,179.8300018310547,181.14999389648438,178.11000061035156,180.05999755859375,4653000.0
2020-05-19,160.94158935546875,179.57000732421875,181.4600067138672,178.07000732421875,180.1199951171875,3365000.0
2020-05-20,165.0016632080078,184.10000610351562,184.60000610351562,180.57000732421875,182.0,4920800.0
2020-05-21,165.8799591064453,185.0800018310547,185.47999572753906,182.11000061035156,184.17999267578125,2913600.0
2020-05-22,165.2794952392578,184.41000366210938,185.35000610351562,183.17999267578125,184.47999572753906,2475200.0
2020-05-26,165.66488647460938,184.83999633789062,190.66000366210938,184.24000549316406,189.58999633789062,3990900.0
2020-05-27,168.2461395263672,187.72000122070312,188.75,185.27000427246094,188.74000549316406,3993400.0
2020-05-28,169.15135192871094,188.72999572753906,190.47999572753906,186.72000122070312,189.4199981689453,3567600.0
2020-05-29,168.104736328125,186.32000732421875,188.6999969482422,185.7100067138672,187.42999267578125,5396225.0
2020-06-01,169.08819580078125,187.41000366210938,187.83999633789062,185.60000610351562,186.7100067138672,2168200.0
2020-06-02,169.2505645751953,187.58999633789062,188.55999755859375,186.08999633789062,188.39999389648438,3125500.0
2020-06-03,174.39332580566406,193.2899932861328,193.80999755859375,188.08999633789062,188.47000122070312,3881500.0
2020-06-04,174.34823608398438,193.24000549316406,194.25999450683594,191.6199951171875,192.32000732421875,3469100.0
2020-06-05,177.88502502441406,197.16000366210938,200.14999389648438,196.27000427246094,198.0,4728300.0
2020-06-08,182.8382568359375,202.64999389648438,202.72999572753906,195.63999938964844,195.67999267578125,4443900.0
2020-06-09,180.0142822265625,199.52000427246094,201.57000732421875,199.00999450683594,200.3699951171875,3728600.0
2020-06-10,176.65797424316406,195.8000030517578,199.55999755859375,195.6699981689453,199.1300048828125,3459900.0
2020-06-11,169.17840576171875,187.50999450683594,192.91000366210938,186.3300018310547,190.89999389648438,5396225.0
2020-06-12,170.67608642578125,189.1699981689453,191.6699981689453,185.4499969482422,191.6699981689453,4108600.0
2020-06-15,170.96482849121094,189.49000549316406,190.1199951171875,184.13999938964844,184.60000610351562,4499000.0
2020-06-16,171.7136993408203,190.32000732421875,193.5,187.50999450683594,192.0,5396225.0
2020-06-17,172.13772583007812,190.7899932861328,192.8800048828125,190.4199981689453,191.9199981689453,3154100.0
2020-06-18,170.96482849121094,189.49000549316406,190.74000549316406,187.88999938964844,190.00999450683594,3153300.0
2020-06-19,168.3212890625,186.55999755859375,192.36000061035156,186.52999877929688,192.2899932861328,5396225.0
2020-06-22,169.13328552246094,187.4600067138672,187.77000427246094,184.88999938964844,186.0,3223200.0
2020-06-23,168.37542724609375,186.6199951171875,189.72999572753906,186.32000732421875,189.5500030517578,2951900.0
2020-06-24,166.27317810058594,184.2899932861328,185.7100067138672,181.33999633789062,184.9600067138672,4146600.0
2020-06-25,164.8927459716797,182.75999450683594,184.0800018310547,180.3300018310547,183.50999450683594,3145200.0
2020-06-26,162.1680145263672,179.74000549316406,182.80999755859375,178.8800048828125,182.3699951171875,5107400.0
2020-06-29,164.9289093017578,182.8000030517578,182.8300018310547,179.1699981689453,180.57000732421875,2622200.0
2020-06-30,166.43560791015625,184.47000122070312,185.1999969482422,181.88999938964844,182.9199981689453,3163100.0
2020-07-01,166.6070556640625,184.66000366210938,186.44000244140625,183.72000122070312,184.9499969482422,2193800.0
2020-07-02,165.5784912109375,183.52000427246094,187.0,182.86000061035156,187.0,2690200.0
2020-07-06,170.07164001464844,188.5,188.72000122070312,184.13999938964844,186.0,3171500.0
2020-07-07,167.65362548828125,185.82000732421875,187.85000610351562,185.25,187.3699951171875,2399600.0
2020-07-08,167.68067932128906,185.85000610351562,187.22999572753906,184.75,185.5,2776400.0
2020-07-09,166.3092803955078,184.3300018310547,186.58999633789062,182.6199951171875,186.22000122070312,2333500.0
2020-07-10,166.80552673339844,184.8800048828125,185.44000244140625,183.00999450683594,183.77999877929688,2714100.0
2020-07-13,166.8415985107422,184.9199981689453,188.9499969482422,184.7100067138672,185.60000610351562,3221600.0
2020-07-14,172.07460021972656,190.72000122070312,190.83999633789062,184.72999572753906,185.08999633789062,4138600.0
2020-07-15,173.02195739746094,191.77000427246094,194.0,189.8800048828125,193.89999389648438,3735400.0
2020-07-16,172.2550506591797,190.9199981689453,192.75999450683594,190.14999389648438,191.1199951171875,2111100.0
2020-07-17,172.76026916503906,191.47999572753906,191.89999389648438,190.1300048828125,191.33999633789062,1972600.0
2020-07-20,172.87757873535156,191.61000061035156,192.77000427246094,190.3699951171875,190.89999389648438,2157100.0
2020-07-21,174.11366271972656,192.97999572753906,194.89999389648438,192.0,192.3300018310547,3505400.0
2020-07-22,179.20223999023438,198.6199951171875,199.64999389648438,193.0500030517578,193.2100067138672,3484400.0
2020-07-23,178.23687744140625,197.5500030517578,199.27000427246094,196.00999450683594,198.4600067138672,2702200.0
2020-07-24,179.29249572753906,198.72000122070312,198.91000366210938,195.72999572753906,196.88999938964844,2199900.0
2020-07-27,181.5751190185547,201.25,202.52000427246094,198.7100067138672,199.0399932861328,4541700.0
2020-07-28,177.05494689941406,196.24000549316406,199.88999938964844,195.5,198.60000610351562,5396225.0
2020-07-29,177.0278778076172,196.2100067138672,198.4600067138672,195.7100067138672,196.3000030517578,3342900.0
2020-07-30,176.30606079101562,195.41000366210938,196.39999389648438,192.9199981689453,195.0,2705700.0
2020-07-31,175.28659057617188,194.27999877929688,194.67999267578125,191.63999938964844,194.14999389648438,3194700.0
2020-08-03,175.39483642578125,194.39999389648438,195.60000610351562,193.58999633789062,194.3300018310547,3143500.0
2020-08-04,179.8699188232422,199.36000061035156,199.6999969482422,194.33999633789062,194.9499969482422,3699900.0
2020-08-05,179.7797088623047,199.25999450683594,200.5,197.91000366210938,200.0,2259600.0
2020-08-06,183.3164825439453,203.17999267578125,203.60000610351562,198.3699951171875,198.77999877929688,3158900.0
2020-08-07,184.59764099121094,204.60000610351562,205.16000366210938,203.2899932861328,203.36000061035156,2980000.0
2020-08-10,184.16455078125,204.1199951171875,205.16000366210938,202.5399932861328,204.35000610351562,2783600.0
2020-08-11,184.95851135253906,205.0,207.4199981689453,204.25,205.0,2478400.0
2020-08-12,185.8788299560547,206.02000427246094,207.39999389648438,205.3800048828125,206.86000061035156,2167100.0
2020-08-13,186.3028564453125,206.49000549316406,207.25,205.35000610351562,205.9600067138672,1795000.0
2020-08-14,186.79006958007812,207.02999877929688,207.3300018310547,205.1999969482422,205.9499969482422,2060200.0
2020-08-17,188.26971435546875,208.6699981689453,209.5,206.85000610351562,206.94000244140625,2619000.0
2020-08-18,189.7584228515625,210.32000732421875,210.42999267578125,207.22999572753906,209.25999450683594,2921500.0
2020-08-19,189.02761840820312,209.50999450683594,211.1699981689453,208.63999938964844,210.22000122070312,2711100.0
2020-08-20,189.3614501953125,209.8800048828125,210.99000549316406,208.10000610351562,208.1199951171875,2084900.0
2020-08-21,190.88623046875,211.57000732421875,212.19000244140625,209.25999450683594,209.9600067138672,3484800.0
2020-08-24,191.8335418701172,212.6199951171875,213.5,210.92999267578125,212.25999450683594,2463900.0
2020-08-25,191.8606414794922,212.64999389648438,214.19000244140625,212.22000122070312,213.9600067138672,2302400.0
2020-08-26,192.86212158203125,213.75999450683594,214.4199981689453,211.60000610351562,212.08999633789062,2316700.0
2020-08-27,191.4456329345703,212.19000244140625,216.10000610351562,212.10000610351562,214.33999633789062,3226800.0
2020-08-28,193.8997039794922,214.91000366210938,216.7100067138672,211.77000427246094,212.82000732421875,3212500.0
2020-08-31,193.7726593017578,213.52000427246094,214.99000549316406,212.80999755859375,213.52000427246094,2900900.0
2020-09-01,193.0194091796875,212.69000244140625,213.61000061035156,210.5800018310547,210.83999633789062,2926700.0
2020-09-02,196.2320098876953,216.22999572753906,217.1300048828125,212.69000244140625,213.25,4092000.0
2020-09-03,194.02676391601562,213.8000030517578,218.11000061035156,211.89999389648438,218.11000061035156,3126700.0
2020-09-04,192.148193359375,211.72999572753906,217.77999877929688,210.75999450683594,215.2899932861328,3828600.0
2020-09-08,193.82708740234375,213.5800018310547,216.3000030517578,211.05999755859375,211.17999267578125,4107600.0
2020-09-09,195.76011657714844,215.7100067138672,218.1699981689453,214.44000244140625,215.0,3213200.0
2020-09-10,197.1486053466797,217.24000549316406,219.47999572753906,215.72000122070312,215.72000122070312,3325600.0
2020-09-11,197.83828735351562,218.0,219.17999267578125,216.27999877929688,217.69000244140625,3616500.0
2020-09-14,200.16156005859375,220.55999755859375,222.58999633789062,219.33999633789062,219.72000122070312,2543800.0
2020-09-15,201.80413818359375,222.3699951171875,223.63999938964844,221.39999389648438,221.75999450683594,2640700.0
2020-09-16,204.0184783935547,224.80999755859375,226.72000122070312,221.3000030517578,222.1699981689453,3463700.0
2020-09-17,201.99468994140625,222.5800018310547,223.72999572753906,220.5,223.6999969482422,3376600.0
2020-09-18,199.8983612060547,220.27000427246094,223.57000732421875,220.1300048828125,221.6199951171875,3861400.0
2020-09-21,196.3953399658203,216.41000366210938,218.0500030517578,213.39999389648438,217.13999938964844,2831800.0
2020-09-22,196.3953399658203,216.41000366210938,216.9600067138672,214.5500030517578,216.42999267578125,2475600.0
2020-09-23,195.0885467529297,214.97000122070312,219.69000244140625,214.24000549316406,217.6699981689453,2777700.0
2020-09-24,196.1322021484375,216.1199951171875,218.41000366210938,213.58999633789062,214.75,1727000.0
2020-09-25,198.0016326904297,218.17999267578125,219.25,213.64999389648438,215.3000030517578,2196800.0
2020-09-28,199.88931274414062,220.25999450683594,221.97999572753906,219.02000427246094,220.0,2111700.0
2020-09-29,198.4554443359375,218.67999267578125,220.9600067138672,218.47999572753906,220.4199981689453,1731700.0
2020-09-30,199.19056701660156,219.49000549316406,222.1999969482422,218.41000366210938,218.8699951171875,3034100.0
2020-10-01,199.28123474121094,219.58999633789062,223.0,217.7899932861328,221.58999633789062,2443000.0
2020-10-02,202.07638549804688,222.6699981689453,223.35000610351562,217.10000610351562,217.50999450683594,3833100.0
2020-10-05,205.1619415283203,226.07000732421875,226.5,224.00999450683594,224.86000061035156,2913800.0
2020-10-06,203.36509704589844,224.08999633789062,228.66000366210938,223.60000610351562,226.8300018310547,2453600.0
2020-10-07,205.53402709960938,226.47999572753906,228.41000366210938,225.1300048828125,225.5800018310547,1972500.0
2020-10-08,204.91696166992188,225.8000030517578,227.0800018310547,224.2899932861328,226.08999633789062,3195800.0
2020-10-09,204.03663635253906,224.8300018310547,227.22000122070312,223.1199951171875,226.94000244140625,3237700.0
2020-10-12,205.1982879638672,226.11000061035156,226.50999450683594,223.1199951171875,224.80999755859375,2412400.0
2020-10-13,206.32357788085938,227.35000610351562,228.5800018310547,224.92999267578125,225.6999969482422,2098900.0
2020-10-14,206.56857299804688,227.6199951171875,229.47999572753906,227.35000610351562,228.41000366210938,1862600.0
2020-10-15,208.40176391601562,229.63999938964844,230.0,225.58999633789062,226.14999389648438,2177300.0
2020-10-16,208.15675354003906,229.3699951171875,231.91000366210938,229.14999389648438,229.77000427246094,2162800.0
2020-10-19,205.09844970703125,226.0,231.02000427246094,225.1699981689453,229.5500030517578,2009500.0
2020-10-20,206.4143524169922,227.4499969482422,230.0,226.42999267578125,226.74000549316406,1883200.0
2020-10-21,207.0858917236328,228.19000244140625,229.49000549316406,227.2100067138672,227.22999572753906,1518200.0
2020-10-22,207.95712280273438,229.14999389648438,229.39999389648438,226.8800048828125,227.75999450683594,1961300.0
2020-10-23,207.5578155517578,228.7100067138672,230.41000366210938,227.8000030517578,230.41000366210938,2278100.0
2020-10-26,203.5284423828125,224.27000427246094,227.25,220.97000122070312,226.77999877929688,2537800.0
2020-10-27,202.34864807128906,222.97000122070312,225.22999572753906,222.72000122070312,224.47000122070312,1801900.0
2020-10-28,194.8344268798828,214.69000244140625,220.58999633789062,214.4600067138672,218.38999938964844,3272900.0
2020-10-29,195.0703887939453,214.9499969482422,217.64999389648438,213.07000732421875,214.69000244140625,2477600.0
2020-10-30,193.3007354736328,213.0,215.22000122070312,209.91000366210938,213.60000610351562,3450900.0
2020-11-02,192.90142822265625,212.55999755859375,216.32000732421875,210.7899932861328,215.8800048828125,2983200.0
2020-11-03,196.74928283691406,216.8000030517578,218.10000610351562,213.9499969482422,215.58999633789062,2615000.0
2020-11-04,194.99777221679688,214.8699951171875,219.47000122070312,213.3000030517578,215.0,3360800.0
2020-11-05,196.3046417236328,216.30999755859375,218.1999969482422,214.67999267578125,216.07000732421875,3622000.0
2020-11-06,196.53147888183594,216.55999755859375,217.88999938964844,214.25,216.0,3916100.0
2020-11-09,193.50039672851562,213.22000122070312,227.85000610351562,207.1699981689453,226.7899932861328,5396225.0
2020-11-10,193.59115600585938,213.32000732421875,215.99000549316406,211.33999633789062,215.75,4255600.0
2020-11-11,197.85650634765625,218.02000427246094,219.25,214.3000030517578,214.80999755859375,4126900.0
2020-11-12,193.36427307128906,213.07000732421875,217.82000732421875,210.8800048828125,217.55999755859375,4253200.0
2020-11-13,193.55482482910156,213.27999877929688,214.38999938964844,212.33999633789062,213.75999450683594,3072100.0
2020-11-16,196.68576049804688,216.72999572753906,216.75,213.6300048828125,215.5,3702100.0
2020-11-17,196.0323486328125,216.00999450683594,217.38999938964844,214.02000427246094,215.60000610351562,2443100.0
2020-11-18,195.58767700195312,215.52000427246094,217.83999633789062,215.41000366210938,216.10000610351562,3095200.0
2020-11-19,195.21560668945312,215.11000061035156,215.47999572753906,213.3300018310547,214.83999633789062,2840500.0
2020-11-20,194.28993225097656,214.08999633789062,215.22000122070312,213.6300048828125,214.38999938964844,3932600.0
2020-11-23,196.93080139160156,217.0,217.60000610351562,214.64999389648438,215.13999938964844,3010300.0
2020-11-24,199.39016723632812,219.7100067138672,221.25,218.25,219.00999450683594,3870900.0
2020-11-25,199.05438232421875,219.33999633789062,220.58999633789062,217.9199981689453,219.97999572753906,1889200.0
2020-11-27,198.13780212402344,218.3300018310547,220.39999389648438,217.66000366210938,219.02000427246094,1394400.0
2020-11-30,198.50296020507812,217.44000244140625,217.57000732421875,214.42999267578125,216.4600067138672,3413600.0
2020-12-01,197.31619262695312,216.13999938964844,218.92999267578125,215.52999877929688,218.8800048828125,4224800.0
2020-12-02,192.49603271484375,210.86000061035156,214.39999389648438,209.1300048828125,214.0,5396225.0
2020-12-03,193.0894012451172,211.50999450683594,213.22999572753906,210.55999755859375,210.94000244140625,3732500.0
2020-12-04,192.38645935058594,210.74000549316406,213.3800048828125,210.10000610351562,211.60000610351562,3151100.0
2020-12-07,190.69760131835938,208.88999938964844,209.11000061035156,206.19000244140625,208.52999877929688,3826000.0
2020-12-08,190.2411346435547,208.38999938964844,209.10000610351562,206.41000366210938,206.5500030517578,2709400.0
2020-12-09,190.5150146484375,208.69000244140625,209.52999877929688,207.3300018310547,209.49000549316406,3010900.0
2020-12-10,189.9215850830078,208.0399932861328,208.75999450683594,207.07000732421875,208.5,2956400.0
2020-12-11,189.66598510742188,207.75999450683594,208.94000244140625,206.72999572753906,207.47000122070312,2770800.0
2020-12-14,193.46371459960938,211.9199981689453,214.74000549316406,210.2100067138672,210.72999572753906,4745000.0
2020-12-15,196.1476287841797,214.86000061035156,216.2100067138672,212.74000549316406,213.22000122070312,3798200.0
2020-12-16,195.1799774169922,213.8000030517578,217.50999450683594,213.66000366210938,214.8800048828125,2682000.0
2020-12-17,195.59078979492188,214.25,215.7899932861328,213.52999877929688,215.38999938964844,2558800.0
2020-12-18,196.3485107421875,215.0800018310547,216.85000610351562,213.82000732421875,215.14999389648438,5396225.0
2020-12-21,193.23548889160156,211.6699981689453,212.5500030517578,208.00999450683594,210.6199951171875,4342500.0
2020-12-22,193.46371459960938,211.9199981689453,212.91000366210938,210.3699951171875,211.1999969482422,2772800.0
2020-12-23,193.55499267578125,212.02000427246094,213.42999267578125,211.7899932861328,212.3000030517578,1658800.0
2020-12-24,192.9798583984375,211.38999938964844,212.74000549316406,211.13999938964844,212.1199951171875,1047700.0
2020-12-28,195.38082885742188,214.02000427246094,214.8800048828125,212.19000244140625,212.99000549316406,2550100.0
2020-12-29,194.18492126464844,212.7100067138672,215.77999877929688,212.4499969482422,214.63999938964844,1665700.0
2020-12-30,193.13502502441406,211.55999755859375,213.36000061035156,211.27999877929688,212.9600067138672,1855000.0
2020-12-31,195.89202880859375,214.5800018310547,214.92999267578125,210.77999877929688,211.25,2610900.0
2021-01-04,191.91177368164062,210.22000122070312,214.72000122070312,208.22000122070312,214.49000549316406,4055400.0
2021-01-05,193.06201171875,211.47999572753906,211.9499969482422,209.6199951171875,210.17999267578125,2576100.0
2021-01-06,192.62380981445312,211.0,211.7100067138672,209.02999877929688,211.3000030517578,3083400.0
2021-01-07,193.5184783935547,211.97999572753906,213.22000122070312,210.55999755859375,213.22000122070312,3142000.0
2021-01-08,197.0697021484375,215.8699951171875,216.1199951171875,212.22999572753906,212.89999389648438,2639100.0
2021-01-11,195.57254028320312,214.22999572753906,216.1199951171875,213.1199951171875,215.08999633789062,2545400.0
2021-01-12,193.17160034179688,211.60000610351562,214.3300018310547,210.94000244140625,213.69000244140625,2952000.0
2021-01-13,193.618896484375,212.08999633789062,213.1300048828125,210.89999389648438,210.91000366210938,2069800.0
2021-01-14,190.34153747558594,208.5,212.6699981689453,208.0,212.10000610351562,3666700.0
2021-01-15,191.62876892089844,209.91000366210938,210.6999969482422,207.4199981689453,207.97000122070312,3593700.0
2021-01-19,190.88015747070312,209.08999633789062,211.0,207.8800048828125,210.67999267578125,3331600.0
2021-01-20,195.02481079101562,213.6300048828125,214.41000366210938,209.6300048828125,210.14999389648438,4077700.0
2021-01-21,194.9334716796875,213.52999877929688,215.9600067138672,213.32000732421875,214.05999755859375,2674900.0
2021-01-22,194.7965545654297,213.3800048828125,214.13999938964844,211.1699981689453,212.50999450683594,2196400.0
2021-01-25,194.76004028320312,213.33999633789062,214.0500030517578,210.55999755859375,212.22000122070312,2615300.0
2021-01-26,196.6223907470703,215.3800048828125,215.50999450683594,212.1699981689453,212.50999450683594,2907800.0
2021-01-27,188.97219848632812,207.0,213.14999389648438,207.0,212.38999938964844,5396225.0
2021-01-28,188.80787658691406,206.82000732421875,210.36000061035156,205.1300048828125,208.6300048828125,5396225.0
2021-01-29,189.73904418945312,207.83999633789062,209.39999389648438,203.11000061035156,205.11000061035156,5203300.0
2021-02-01,189.82119750976562,207.92999267578125,209.69000244140625,206.60000610351562,208.47999572753906,2812500.0
2021-02-02,191.49179077148438,209.75999450683594,212.6300048828125,207.64999389648438,208.08999633789062,2786000.0
2021-02-03,190.5332489013672,208.7100067138672,209.99000549316406,207.92999267578125,208.35000610351562,3020700.0
2021-02-04,192.65121459960938,211.02999877929688,212.11000061035156,208.6699981689453,210.0,2777500.0
2021-02-05,194.06619262695312,212.5800018310547,214.17999267578125,212.00999450683594,212.58999633789062,2600200.0
2021-02-08,193.1533203125,211.5800018310547,212.99000549316406,209.9600067138672,212.52999877929688,2696200.0
2021-02-09,197.1701202392578,215.97999572753906,216.17999267578125,211.77000427246094,212.07000732421875,3047300.0
2021-02-10,195.72772216796875,214.39999389648438,217.30999755859375,213.80999755859375,216.8800048828125,3161600.0
2021-02-11,195.6090545654297,214.27000427246094,214.8000030517578,212.39999389648438,214.5399932861328,2583600.0
2021-02-12,195.27125549316406,213.89999389648438,214.6999969482422,212.99000549316406,214.0,2781200.0
2021-02-16,196.30284118652344,215.02999877929688,216.94000244140625,213.8300018310547,214.3699951171875,2892900.0
2021-02-17,194.86045837402344,213.4499969482422,214.88999938964844,212.6300048828125,213.9600067138672,3280000.0
2021-02-18,196.6680145263672,215.42999267578125,215.86000061035156,212.64999389648438,213.2899932861328,2191000.0
2021-02-19,193.7558135986328,212.24000549316406,215.72999572753906,211.97000122070312,215.2899932861328,3181600.0
2021-02-22,193.59152221679688,212.05999755859375,213.0,209.69000244140625,211.5,2910800.0
2021-02-23,192.91595458984375,211.32000732421875,215.6999969482422,210.42999267578125,214.5,3243000.0
2021-02-24,194.6961212158203,213.27000427246094,214.10000610351562,210.4199981689453,210.83999633789062,2887100.0
2021-02-25,192.57815551757812,210.9499969482422,212.9199981689453,209.74000549316406,212.6999969482422,3131400.0
2021-02-26,189.344970703125,206.13999938964844,211.63999938964844,206.13999938964844,210.75,5334000.0
2021-03-01,191.28306579589844,208.25,210.3800048828125,207.35000610351562,207.35000610351562,2827500.0
2021-03-02,191.66885375976562,208.6699981689453,209.89999389648438,206.19000244140625,208.0,3016600.0
2021-03-03,189.0510711669922,205.82000732421875,208.99000549316406,205.61000061035156,207.52000427246094,3488600.0
2021-03-04,188.15084838867188,204.83999633789062,207.49000549316406,202.72999572753906,206.16000366210938,3926200.0
2021-03-05,190.4747772216797,207.3699951171875,208.22999572753906,202.9600067138672,205.75,3608100.0
2021-03-08,192.07296752929688,209.11000061035156,210.58999633789062,207.13999938964844,207.6999969482422,3157100.0
2021-03-09,191.55862426757812,208.5500030517578,211.1999969482422,208.27999877929688,210.6300048828125,3646700.0
2021-03-10,195.93080139160156,213.30999755859375,213.6300048828125,208.24000549316406,208.72000122070312,3447200.0
2021-03-11,194.3325653076172,211.57000732421875,215.22999572753906,211.49000549316406,214.6999969482422,3618000.0
2021-03-12,195.03981018066406,212.33999633789062,214.24000549316406,211.4199981689453,212.0399932861328,2818200.0
2021-03-15,202.49826049804688,220.4600067138672,220.5500030517578,213.5,213.64999389648438,5396225.0
2021-03-16,201.94711303710938,219.86000061035156,221.3000030517578,217.16000366210938,219.5800018310547,3583400.0
2021-03-17,205.85092163085938,224.11000061035156,224.89999389648438,220.00999450683594,224.55999755859375,5240600.0
2021-03-18,204.73944091796875,222.89999389648438,225.35000610351562,221.41000366210938,223.67999267578125,3254600.0
2021-03-19,204.3169403076172,222.44000244140625,225.17999267578125,221.0,222.75999450683594,5396225.0
2021-03-22,206.73269653320312,225.07000732421875,226.91000366210938,222.64999389648438,223.38999938964844,4220700.0
2021-03-23,206.08969116210938,224.3699951171875,226.39999389648438,223.75,223.9600067138672,2794000.0
2021-03-24,205.7958221435547,224.0500030517578,227.02000427246094,224.0399932861328,225.32000732421875,2442500.0
2021-03-25,205.9335479736328,224.1999969482422,225.32000732421875,222.44000244140625,225.14999389648438,3249600.0
2021-03-26,206.8612518310547,225.2100067138672,225.27999877929688,222.4199981689453,224.1999969482422,3263100.0
2021-03-29,208.826904296875,227.35000610351562,227.8800048828125,224.3000030517578,224.8300018310547,3621300.0
2021-03-30,206.6499786376953,224.97999572753906,227.02000427246094,224.22000122070312,226.1300048828125,2419000.0
2021-03-31,205.87843322753906,224.13999938964844,226.49000549316406,224.0,224.00999450683594,3564100.0
2021-04-01,206.8612518310547,225.2100067138672,226.22000122070312,223.27999877929688,224.6699981689453,2441200.0
2021-04-05,210.20468139648438,228.85000610351562,229.5,226.19000244140625,226.60000610351562,2866300.0
2021-04-06,213.01539611816406,231.91000366210938,232.27000427246094,228.72000122070312,229.7100067138672,3230900.0
2021-04-07,213.65834045410156,232.61000061035156,232.80999755859375,231.24000549316406,231.67999267578125,2551300.0
2021-04-08,211.49061584472656,230.25,232.8000030517578,229.1999969482422,232.61000061035156,2772200.0
2021-04-09,212.6204376220703,231.47999572753906,231.61000061035156,228.8699951171875,230.19000244140625,2728900.0
2021-04-12,212.14279174804688,230.9600067138672,232.3800048828125,230.49000549316406,231.47999572753906,2292700.0
2021-04-13,212.4734649658203,231.32000732421875,231.66000366210938,229.69000244140625,230.44000244140625,2570900.0
2021-04-14,211.54576110839844,230.30999755859375,231.2899932861328,229.58999633789062,231.22000122070312,2129200.0
2021-04-15,212.4367218017578,231.27999877929688,231.36000061035156,229.1999969482422,229.80999755859375,2063000.0
2021-04-16,214.09010314941406,233.0800018310547,234.25999450683594,232.30999755859375,233.64999389648438,2694300.0
2021-04-19,212.92352294921875,231.80999755859375,233.3000030517578,230.8300018310547,233.1199951171875,2254800.0
2021-04-20,214.02577209472656,233.00999450683594,233.2100067138672,231.0800018310547,231.24000549316406,1885700.0
2021-04-21,213.3368682861328,232.25999450683594,233.86000061035156,231.85000610351562,233.3000030517578,2065500.0
2021-04-22,213.97984313964844,232.9600067138672,234.0399932861328,231.94000244140625,232.8300018310547,1839500.0
2021-04-23,215.46783447265625,234.5800018310547,235.24000549316406,233.10000610351562,233.7899932861328,2137500.0
2021-04-26,213.3827667236328,232.30999755859375,235.35000610351562,231.91000366210938,234.77999877929688,2490100.0
2021-04-27,215.8352508544922,234.97999572753906,235.6300048828125,232.41000366210938,232.57000732421875,2623800.0
2021-04-28,213.4746551513672,232.41000366210938,235.4499969482422,232.25999450683594,235.1999969482422,2777000.0
2021-04-29,216.04652404785156,235.2100067138672,235.8000030517578,232.6199951171875,233.99000549316406,3146700.0
2021-04-30,216.84564208984375,236.0800018310547,236.2899932861328,233.8699951171875,234.0,2640400.0
2021-05-03,216.3679962158203,235.55999755859375,238.17999267578125,235.3800048828125,237.99000549316406,2458000.0
2021-05-04,214.80653381347656,233.86000061035156,236.1300048828125,233.24000549316406,234.6300048828125,2529700.0
2021-05-05,215.89036560058594,235.0399932861328,235.35000610351562,231.55999755859375,234.1199951171875,2070000.0
2021-05-06,215.7250518798828,234.86000061035156,235.64999389648438,233.1699981689453,235.5399932861328,1832600.0
2021-05-07,215.70664978027344,234.83999633789062,235.72000122070312,233.99000549316406,235.0,1406800.0
2021-05-10,217.79173278808594,237.11000061035156,237.9199981689453,235.10000610351562,235.10000610351562,2031500.0
2021-05-11,214.80653381347656,233.86000061035156,237.8000030517578,232.1999969482422,237.74000549316406,3028500.0
2021-05-12,209.3688507080078,227.94000244140625,233.57000732421875,227.57000732421875,232.11000061035156,3198200.0
2021-05-13,211.04974365234375,229.77000427246094,231.0800018310547,227.8800048828125,228.0,2819200.0
2021-05-14,212.84088134765625,231.72000122070312,232.63999938964844,230.47000122070312,230.7100067138672,1943100.0
2021-05-17,212.8041229248047,231.67999267578125,232.3000030517578,230.25,230.80999755859375,1630900.0
2021-05-18,213.0337371826172,231.92999267578125,233.25,231.64999389648438,231.88999938964844,2913000.0
2021-05-19,211.39874267578125,230.14999389648438,230.6199951171875,228.17999267578125,230.22999572753906,2967000.0
2021-05-20,213.26339721679688,232.17999267578125,234.02000427246094,230.55999755859375,230.72000122070312,1890200.0
2021-05-21,212.39999389648438,231.24000549316406,233.39999389648438,230.30999755859375,232.4199981689453,2601100.0
2021-05-24,213.01539611816406,231.91000366210938,232.64999389648438,231.02000427246094,231.52000427246094,1823300.0
2021-05-25,213.2266387939453,232.13999938964844,232.77000427246094,230.7100067138672,232.1699981689453,2681900.0
2021-05-26,213.4195556640625,232.35000610351562,233.7899932861328,232.16000366210938,233.7899932861328,1564200.0
2021-05-27,215.7250518798828,234.86000061035156,235.0800018310547,232.39999389648438,233.00999450683594,5242900.0
2021-05-28,216.02059936523438,233.88999938964844,234.41000366210938,232.4499969482422,234.1300048828125,2853600.0
2021-06-01,215.42025756835938,233.24000549316406,235.99000549316406,232.74000549316406,235.97999572753906,2574300.0
2021-06-02,215.9189910888672,233.77999877929688,234.3300018310547,232.80999755859375,233.97000122070312,3172000.0
2021-06-03,214.69058227539062,232.4499969482422,232.75999450683594,230.14999389648438,232.57000732421875,3249400.0
2021-06-04,215.54957580566406,233.3800048828125,233.8000030517578,232.07000732421875,233.44000244140625,1615200.0
2021-06-07,213.9886474609375,231.69000244140625,234.07000732421875,231.16000366210938,234.0,1877000.0
2021-06-08,214.86610412597656,232.63999938964844,233.97999572753906,231.33999633789062,231.5,2106200.0
2021-06-09,213.7854766845703,231.47000122070312,234.32000732421875,231.4499969482422,232.97999572753906,1982200.0
2021-06-10,216.66708374023438,234.58999633789062,234.89999389648438,231.92999267578125,232.0500030517578,2534000.0
2021-06-11,218.8283233642578,236.92999267578125,237.5,234.7100067138672,235.0,2654300.0
2021-06-14,218.87452697753906,236.97999572753906,237.77000427246094,234.80999755859375,237.17999267578125,1836800.0
2021-06-15,218.29266357421875,236.35000610351562,237.80999755859375,235.66000366210938,237.52999877929688,1948300.0
2021-06-16,217.58148193359375,235.5800018310547,237.27999877929688,233.77999877929688,237.2100067138672,2951700.0
2021-06-17,216.0113525390625,233.8800048828125,236.27000427246094,233.27999877929688,235.0800018310547,1895600.0
2021-06-18,212.0768280029297,229.6199951171875,232.88999938964844,228.82000732421875,231.47000122070312,4408200.0
2021-06-21,215.1062469482422,232.89999389648438,233.22999572753906,229.47000122070312,230.6300048828125,2193000.0
2021-06-22,216.0113525390625,233.8800048828125,234.86000061035156,232.42999267578125,233.49000549316406,1758300.0
2021-06-23,215.42025756835938,233.24000549316406,234.4499969482422,232.6999969482422,233.3000030517578,1701500.0
2021-06-24,215.50335693359375,233.3300018310547,235.16000366210938,232.74000549316406,234.10000610351562,1839800.0
2021-06-25,214.66290283203125,232.4199981689453,233.41000366210938,232.33999633789062,232.74000549316406,3000100.0
2021-06-28,213.43450927734375,231.08999633789062,232.75,230.00999450683594,232.6699981689453,2901700.0
2021-06-29,212.76951599121094,230.3699951171875,231.7100067138672,230.0500030517578,231.52999877929688,1932100.0
2021-06-30,213.34214782714844,230.99000549316406,232.25,230.60000610351562,230.9199981689453,2450700.0
2021-07-01,214.5243377685547,232.27000427246094,232.39999389648438,230.75,231.41000366210938,2210500.0
2021-07-02,215.7804718017578,233.6300048828125,234.11000061035156,232.44000244140625,233.0800018310547,1851500.0
2021-07-06,214.96768188476562,232.75,233.89999389648438,231.0,233.66000366210938,1762700.0
2021-07-07,216.70404052734375,234.6300048828125,234.99000549316406,231.72000122070312,231.9199981689453,2069400.0
2021-07-08,215.0508270263672,232.83999633789062,233.8300018310547,231.94000244140625,232.9499969482422,1932600.0
2021-07-09,217.673828125,235.67999267578125,236.22999572753906,233.05999755859375,234.07000732421875,2560500.0
2021-07-12,217.6092071533203,235.61000061035156,236.24000549316406,234.5,234.58999633789062,2158600.0
2021-07-13,218.12640380859375,236.1699981689453,237.47000122070312,235.1999969482422,235.66000366210938,1884600.0
2021-07-14,219.01304626464844,237.1300048828125,239.0500030517578,236.63999938964844,237.02999877929688,1993200.0
2021-07-15,218.78216552734375,236.8800048828125,237.38999938964844,234.9199981689453,236.58999633789062,2165800.0
2021-07-16,216.81492614746094,234.75,237.8800048828125,234.3800048828125,237.7899932861328,1680900.0
2021-07-19,211.7443389892578,229.25999450683594,233.32000732421875,226.4199981689453,232.50999450683594,3774900.0
2021-07-20,216.37156677246094,234.27000427246094,235.52000427246094,230.2100067138672,230.64999389648438,3275600.0
2021-07-21,217.9047393798828,235.92999267578125,238.11000061035156,235.22000122070312,235.97999572753906,2146600.0
2021-07-22,220.43536376953125,238.6699981689453,239.69000244140625,235.16000366210938,235.64999389648438,2538300.0
2021-07-23,224.3976287841797,242.9600067138672,245.0500030517578,239.60000610351562,240.1300048828125,3996400.0
2021-07-26,225.3397216796875,243.97999572753906,244.57000732421875,241.60000610351562,242.0,2638400.0
2021-07-27,227.52867126464844,246.35000610351562,247.0500030517578,244.05999755859375,244.1699981689453,3135200.0
2021-07-28,223.30776977539062,241.77999877929688,243.8000030517578,239.35000610351562,242.5,4948500.0
2021-07-29,225.37664794921875,244.02000427246094,245.1999969482422,242.97999572753906,243.32000732421875,2572300.0
2021-07-30,224.16673278808594,242.7100067138672,245.41000366210938,242.2100067138672,243.85000610351562,2336800.0
2021-08-02,221.7561492919922,240.10000610351562,244.67999267578125,239.69000244140625,244.24000549316406,2693900.0
2021-08-03,218.84681701660156,236.9499969482422,239.9499969482422,235.25,239.55999755859375,3300000.0
2021-08-04,216.88877868652344,234.8300018310547,236.60000610351562,233.0500030517578,236.4499969482422,2240600.0
2021-08-05,218.35728454589844,236.4199981689453,236.80999755859375,234.33999633789062,235.74000549316406,2230500.0
2021-08-06,218.2095184326172,236.25999450683594,237.13999938964844,235.6699981689453,236.67999267578125,1558600.0
2021-08-09,216.75022888183594,234.67999267578125,236.07000732421875,234.02999877929688,235.7899932861328,2093100.0
2021-08-10,215.6142120361328,233.4499969482422,235.10000610351562,233.24000549316406,235.10000610351562,2027500.0
2021-08-11,217.55377197265625,235.5500030517578,235.94000244140625,233.75,234.19000244140625,1969100.0
2021-08-12,218.5882110595703,236.6699981689453,236.75999450683594,235.0500030517578,236.0,1490800.0
2021-08-13,220.5739288330078,238.82000732421875,239.0,236.27000427246094,236.7899932861328,1699700.0
2021-08-16,222.55970764160156,240.97000122070312,241.0500030517578,238.55999755859375,239.0,2175300.0
2021-08-17,221.92239379882812,240.27999877929688,240.83999633789062,238.2100067138672,240.35000610351562,1652000.0
2021-08-18,219.89048767089844,238.0800018310547,239.75999450683594,237.77999877929688,239.44000244140625,2215500.0
2021-08-19,219.1053924560547,237.22999572753906,238.1199951171875,236.07000732421875,236.67999267578125,1455400.0
2021-08-20,220.2691192626953,238.49000549316406,239.38999938964844,236.32000732421875,236.9600067138672,1989700.0
2021-08-23,221.3497314453125,239.66000366210938,240.07000732421875,237.99000549316406,239.4600067138672,2086900.0
2021-08-24,220.21372985839844,238.42999267578125,240.38999938964844,238.32000732421875,240.38999938964844,1687700.0
2021-08-25,220.58316040039062,238.8300018310547,239.60000610351562,237.83999633789062,237.92999267578125,1668000.0
2021-08-26,218.84681701660156,236.9499969482422,238.9199981689453,235.9199981689453,238.7899932861328,2008000.0
2021-08-27,219.33628845214844,237.47999572753906,238.3699951171875,236.3699951171875,237.42999267578125,1784000.0
2021-08-30,218.5142822265625,236.58999633789062,237.75999450683594,235.86000061035156,237.33999633789062,2245600.0
2021-08-31,220.52023315429688,237.4600067138672,237.72999572753906,234.6699981689453,235.75,2938100.0
2021-09-01,221.16098022460938,238.14999389648438,239.0399932861328,237.2100067138672,237.8800048828125,2197100.0
2021-09-02,222.75827026367188,239.8699951171875,239.9499969482422,238.3800048828125,239.1999969482422,2140200.0
2021-09-03,221.783203125,238.82000732421875,239.64999389648438,237.50999450683594,238.38999938964844,1339300.0
2021-09-07,219.34083557128906,236.19000244140625,238.61000061035156,235.9499969482422,238.61000061035156,1820000.0
2021-09-08,221.59744262695312,238.6199951171875,239.4600067138672,236.0,236.8000030517578,2718400.0
2021-09-09,221.58819580078125,238.61000061035156,241.42999267578125,237.77000427246094,238.4199981689453,2992200.0
2021-09-10,222.1174774169922,239.17999267578125,241.32000732421875,239.0399932861328,240.32000732421875,2035200.0
2021-09-13,224.00271606445312,241.2100067138672,241.8000030517578,239.83999633789062,240.8300018310547,2294800.0
2021-09-14,223.9283905029297,241.1300048828125,242.25,239.5,241.72999572753906,2013800.0
2021-09-15,223.78912353515625,240.97999572753906,241.27000427246094,238.17999267578125,240.47000122070312,2507200.0
2021-09-16,225.8600311279297,243.2100067138672,243.58999633789062,239.9499969482422,240.2899932861328,3410700.0
2021-09-17,225.19139099121094,242.49000549316406,244.6300048828125,241.8800048828125,243.83999633789062,4756600.0
2021-09-20,222.03395080566406,239.08999633789062,241.9600067138672,236.63999938964844,239.8800048828125,4549900.0
2021-09-21,223.34336853027344,240.5,242.35000610351562,239.39999389648438,240.0,2008300.0
2021-09-22,225.78575134277344,243.1300048828125,245.86000061035156,241.47000122070312,241.8000030517578,3361900.0
2021-09-23,227.31802368164062,244.77999877929688,245.9499969482422,243.52999877929688,243.74000549316406,2941700.0
2021-09-24,228.84103393554688,246.4199981689453,247.3800048828125,245.24000549316406,246.63999938964844,2508800.0
2021-09-27,230.41049194335938,248.11000061035156,248.89999389648438,245.27999877929688,246.0,2463300.0
2021-09-28,226.3800506591797,243.77000427246094,247.7100067138672,242.91000366210938,247.2899932861328,3007500.0
2021-09-29,226.8536834716797,244.27999877929688,245.7100067138672,243.14999389648438,244.3800048828125,1719000.0
2021-09-30,223.9098358154297,241.11000061035156,245.4199981689453,240.82000732421875,244.77000427246094,3136800.0
2021-10-01,225.59999084472656,242.92999267578125,244.69000244140625,240.25,243.07000732421875,2076000.0
2021-10-04,225.73928833007812,243.0800018310547,244.80999755859375,241.86000061035156,242.05999755859375,2236500.0
2021-10-05,227.72662353515625,245.22000122070312,246.8800048828125,243.00999450683594,243.97000122070312,2463100.0
2021-10-06,229.47251892089844,247.10000610351562,247.16000366210938,243.02000427246094,244.55999755859375,2107900.0
2021-10-07,230.60549926757812,248.32000732421875,249.9499969482422,247.67999267578125,248.0,2423900.0
2021-10-08,230.0297088623047,247.6999969482422,249.6300048828125,247.11000061035156,249.25,1687500.0
2021-10-11,228.98963928222656,246.5800018310547,249.13999938964844,246.4499969482422,248.10000610351562,1504000.0
2021-10-12,227.0765838623047,244.52000427246094,248.60000610351562,244.17999267578125,247.72999572753906,2346700.0
2021-10-13,225.3399658203125,242.64999389648438,243.8699951171875,239.89999389648438,243.27000427246094,3214300.0
2021-10-14,227.1044158935547,244.5500030517578,245.4199981689453,242.0399932861328,242.8800048828125,2512000.0
2021-10-15,224.968505859375,242.25,246.3800048828125,241.99000549316406,245.24000549316406,2564700.0
2021-10-18,224.977783203125,242.25999450683594,243.4499969482422,241.1300048828125,242.4199981689453,2484900.0
2021-10-19,225.451416015625,242.77000427246094,243.92999267578125,241.52999877929688,243.22000122070312,2071600.0
2021-10-20,222.61898803710938,239.72000122070312,242.64999389648438,239.2899932861328,240.39999389648438,3040200.0
2021-10-21,224.1791534423828,241.39999389648438,241.91000366210938,239.30999755859375,240.1699981689453,2702400.0
2021-10-22,221.4302978515625,238.44000244140625,242.24000549316406,238.0,240.7100067138672,3283700.0
2021-10-25,220.40878295898438,237.33999633789062,239.25,236.5,239.22999572753906,3178400.0
2021-10-26,219.55438232421875,236.4199981689453,238.39999389648438,236.13999938964844,237.47000122070312,3066400.0
2021-10-27,225.4142608642578,242.72999572753906,244.6199951171875,238.85000610351562,241.0500030517578,5249400.0
2021-10-28,227.9866485595703,245.5,246.0800018310547,242.52999877929688,243.39999389648438,3448500.0
2021-10-29,228.0330810546875,245.5500030517578,246.08999633789062,242.47000122070312,243.0,4329400.0
2021-11-01,232.7042694091797,250.5800018310547,251.69000244140625,245.33999633789062,245.8000030517578,4456200.0
2021-11-02,231.45985412597656,249.24000549316406,252.22000122070312,248.16000366210938,251.75999450683594,2624300.0
2021-11-03,232.537109375,250.39999389648438,251.1300048828125,247.91000366210938,247.99000549316406,2399000.0
2021-11-04,235.37881469726562,253.4600067138672,254.17999267578125,250.1999969482422,251.1199951171875,2711000.0
2021-11-05,236.53965759277344,254.7100067138672,257.5299987792969,254.6199951171875,254.69000244140625,3224300.0
2021-11-08,235.04449462890625,253.10000610351562,255.64999389648438,251.92999267578125,254.77999877929688,2471300.0
2021-11-09,234.62660217285156,252.64999389648438,253.69000244140625,250.4499969482422,252.91000366210938,2258900.0
2021-11-10,235.07237243652344,253.1300048828125,253.72000122070312,250.80999755859375,250.80999755859375,1794300.0
2021-11-11,232.31423950195312,250.16000366210938,253.3300018310547,249.25999450683594,253.3300018310547,1640500.0
2021-11-12,232.787841796875,250.6699981689453,251.00999450683594,248.88999938964844,250.14999389648438,1625200.0
2021-11-15,234.8959197998047,252.94000244140625,253.75999450683594,250.6699981689453,250.6699981689453,1709200.0
2021-11-16,234.4501495361328,252.4600067138672,254.19000244140625,252.3800048828125,253.5,2195500.0
2021-11-17,234.6637725830078,252.69000244140625,253.33999633789062,250.52000427246094,252.41000366210938,1412000.0
2021-11-18,235.39739990234375,253.47999572753906,253.49000549316406,251.0800018310547,253.16000366210938,1751200.0
2021-11-19,233.97654724121094,251.9499969482422,253.32000732421875,250.22999572753906,253.2899932861328,2743100.0
2021-11-22,235.39739990234375,253.47999572753906,255.4499969482422,252.2100067138672,252.6699981689453,2438700.0
2021-11-23,237.41259765625,255.64999389648438,255.7899932861328,253.0500030517578,254.80999755859375,2770000.0
2021-11-24,238.7683868408203,257.1099853515625,257.7900085449219,254.0500030517578,254.5,2642800.0
2021-11-26,232.1749267578125,250.00999450683594,253.16000366210938,248.27000427246094,252.50999450683594,2573300.0
2021-11-29,232.44422912597656,250.3000030517578,252.32000732421875,249.8300018310547,251.85000610351562,2084600.0
2021-11-30,228.41018676757812,244.60000610351562,247.89999389648438,243.9499969482422,247.3800048828125,3836100.0
2021-12-01,228.0179443359375,244.17999267578125,250.89999389648438,244.11000061035156,245.75999450683594,3275300.0
2021-12-02,232.33218383789062,248.8000030517578,250.33999633789062,245.0,245.66000366210938,3290500.0
2021-12-03,232.8271026611328,249.3300018310547,250.67999267578125,247.57000732421875,250.32000732421875,3229900.0
2021-12-06,238.85948181152344,255.7899932861328,256.92999267578125,252.3699951171875,252.39999389648438,3616800.0
2021-12-07,242.7068328857422,259.9100036621094,260.3800048828125,256.45001220703125,256.95001220703125,2596200.0
2021-12-08,242.39866638183594,259.5799865722656,262.80999755859375,259.0899963378906,260.0,3453100.0
2021-12-09,244.9759521484375,262.3399963378906,263.1000061035156,258.3599853515625,259.5,2955100.0
2021-12-10,247.43194580078125,264.9700012207031,265.2699890136719,262.42999267578125,263.8800048828125,2529600.0
2021-12-13,245.6763153076172,263.0899963378906,265.8599853515625,262.3999938964844,264.2200012207031,2878800.0
2021-12-14,245.14404296875,262.5199890136719,263.5899963378906,261.75,263.0,3695500.0
2021-12-15,247.0116729736328,264.5199890136719,265.6700134277344,261.4100036621094,262.1600036621094,2641800.0
2021-12-16,247.97349548339844,265.54998779296875,266.8900146484375,264.0899963378906,265.55999755859375,2347700.0
2021-12-17,244.37835693359375,261.70001220703125,264.8500061035156,260.8800048828125,264.0,5396225.0
2021-12-20,244.4063720703125,261.7300109863281,261.9599914550781,258.42999267578125,259.6300048828125,2824500.0
2021-12-21,246.8902587890625,264.3900146484375,266.4800109863281,263.4200134277344,264.2900085449219,2851800.0
2021-12-22,247.4039306640625,264.94000244140625,265.44000244140625,264.07000732421875,264.32000732421875,1795100.0
2021-12-23,248.34707641601562,265.95001220703125,267.3699951171875,265.45001220703125,265.9200134277344,1509800.0
2021-12-27,250.48550415039062,268.239990234375,268.260009765625,266.0,266.4700012207031,1485500.0
2021-12-28,250.14930725097656,267.8800048828125,269.2200012207031,267.25,267.5799865722656,1304000.0
2021-12-29,250.7189483642578,268.489990234375,269.7200012207031,267.95001220703125,268.45001220703125,1318500.0
2021-12-30,249.52362060546875,267.2099914550781,269.260009765625,266.70001220703125,269.0,1714600.0
2021-12-31,250.3267059326172,268.07000732421875,269.1199951171875,267.2099914550781,268.0,1519200.0
2022-01-03,250.80291748046875,268.5799865722656,270.7300109863281,265.55999755859375,269.489990234375,2750600.0
2022-01-04,250.7375946044922,268.510009765625,271.1499938964844,268.2699890136719,269.5,2506000.0
2022-01-05,249.50498962402344,267.19000244140625,270.2799987792969,266.8999938964844,269.29998779296875,2473000.0
2022-01-06,251.83950805664062,269.69000244140625,270.760009765625,267.79998779296875,268.1199951171875,2908400.0
2022-01-07,249.38357543945312,267.05999755859375,270.1700134277344,267.0,268.55999755859375,2209100.0
2022-01-10,246.90896606445312,264.4100036621094,266.7200012207031,262.010009765625,266.7099914550781,3122400.0
2022-01-11,244.7705535888672,262.1199951171875,263.95001220703125,260.32000732421875,263.489990234375,3206200.0
2022-01-12,243.64999389648438,260.9200134277344,263.95001220703125,260.2799987792969,263.3699951171875,3044000.0
2022-01-13,244.10757446289062,261.4100036621094,263.8500061035156,260.5899963378906,261.4100036621094,2371300.0
2022-01-14,240.65245056152344,257.7099914550781,261.239990234375,257.1600036621094,261.1400146484375,3460100.0
2022-01-18,239.5038604736328,256.4800109863281,257.1000061035156,254.30999755859375,256.9599914550781,3076500.0
2022-01-19,238.32723999023438,255.22000122070312,257.95001220703125,255.0800018310547,257.54998779296875,2304700.0
2022-01-20,236.37559509277344,253.1300048828125,258.1099853515625,252.89999389648438,256.6199951171875,2602200.0
2022-01-21,237.7389373779297,254.58999633789062,258.4599914550781,253.69000244140625,254.0399932861328,3738100.0
2022-01-24,236.8238067626953,253.61000061035156,253.9199981689453,247.77999877929688,252.3800048828125,5153100.0
2022-01-25,234.0877227783203,250.67999267578125,252.52999877929688,247.07000732421875,250.8300018310547,3908600.0
2022-01-26,233.31265258789062,249.85000610351562,254.2100067138672,247.86000061035156,253.0,3839000.0
2022-01-27,232.276123046875,248.74000549316406,252.4600067138672,245.25,249.60000610351562,5199000.0
2022-01-28,239.1396484375,256.0899963378906,256.3500061035156,247.16000366210938,250.0,3833200.0
2022-01-31,242.2772979736328,259.45001220703125,259.5,254.44000244140625,255.02000427246094,3174200.0
2022-02-01,241.84768676757812,258.989990234375,259.8999938964844,255.5800018310547,259.75,2496500.0
2022-02-02,244.91993713378906,262.2799987792969,262.6099853515625,258.489990234375,258.8299865722656,2371500.0
2022-02-03,243.38851928710938,260.6400146484375,262.79998779296875,260.07000732421875,262.0,2242200.0
2022-02-04,242.84686279296875,260.05999755859375,261.7300109863281,257.7900085449219,259.8699951171875,1989700.0
2022-02-07,242.65078735351562,259.8500061035156,261.5799865722656,259.1700134277344,261.0,1959300.0
2022-02-08,242.86557006835938,260.0799865722656,262.3800048828125,259.1000061035156,260.5,2920000.0
2022-02-09,242.66017150878906,259.8599853515625,262.8800048828125,259.4100036621094,261.989990234375,2379300.0
2022-02-10,239.86801147460938,256.8699951171875,260.44000244140625,255.97000122070312,258.6000061035156,3246600.0
2022-02-11,238.27120971679688,255.16000366210938,258.760009765625,254.72999572753906,256.8699951171875,3592700.0
2022-02-14,236.6183624267578,253.38999938964844,256.25,251.67999267578125,255.91000366210938,2825800.0
2022-02-15,237.01058959960938,253.80999755859375,256.9200134277344,253.55999755859375,254.82000732421875,2171500.0
2022-02-16,236.3382110595703,253.08999633789062,254.60000610351562,251.1999969482422,253.77000427246094,2941800.0
2022-02-17,234.32119750976562,250.92999267578125,252.8800048828125,250.0,251.47999572753906,2831900.0
2022-02-18,234.01303100585938,250.60000610351562,252.2899932861328,250.00999450683594,250.33999633789062,2813500.0
2022-02-22,235.97406005859375,252.6999969482422,254.6999969482422,249.60000610351562,250.00999450683594,3980500.0
2022-02-23,231.38902282714844,247.7899932861328,253.85000610351562,247.0800018310547,253.52999877929688,3497200.0
2022-02-24,228.8116912841797,245.02999877929688,245.5800018310547,239.61000061035156,242.92999267578125,4856000.0
2022-02-25,232.93914794921875,249.4499969482422,249.52999877929688,243.6300048828125,246.0,4549700.0
2022-02-28,229.84042358398438,244.77000427246094,245.72000122070312,242.36000061035156,244.44000244140625,4410400.0
2022-03-01,225.01393127441406,239.6300048828125,243.60000610351562,238.3000030517578,242.3000030517578,3910700.0
2022-03-02,226.24403381347656,240.94000244140625,242.74000549316406,239.61000061035156,240.85000610351562,4482000.0
2022-03-03,222.2156982421875,236.64999389648438,242.33999633789062,235.67999267578125,241.00999450683594,4707400.0
2022-03-04,221.42694091796875,235.80999755859375,236.38999938964844,231.63999938964844,234.6199951171875,4184100.0
2022-03-07,210.6471710205078,224.3300018310547,234.30999755859375,224.19000244140625,234.30999755859375,5396225.0
2022-03-08,209.20106506347656,222.7899932861328,229.74000549316406,222.1999969482422,224.3300018310547,5258800.0
2022-03-09,208.9005889892578,222.47000122070312,227.25,222.00999450683594,226.7899932861328,5396225.0
2022-03-10,208.45925903320312,222.0,222.0500030517578,217.67999267578125,220.1999969482422,5396225.0
2022-03-11,213.03221130371094,226.8699951171875,229.11000061035156,224.1999969482422,224.74000549316406,5396225.0
2022-03-14,212.38429260253906,226.17999267578125,228.44000244140625,223.16000366210938,226.77999877929688,4436100.0
2022-03-15,218.38455200195312,232.57000732421875,234.57000732421875,227.97999572753906,227.97999572753906,5087400.0
2022-03-16,223.6148223876953,238.13999938964844,238.2100067138672,234.36000061035156,234.8699951171875,4173200.0
2022-03-17,222.98565673828125,237.47000122070312,237.47000122070312,234.5399932861328,236.44000244140625,3752800.0
2022-03-18,224.3472442626953,238.9199981689453,239.19000244140625,235.99000549316406,237.22999572753906,5336500.0
2022-03-21,220.9668426513672,235.32000732421875,240.08999633789062,234.07000732421875,239.5800018310547,3704000.0
2022-03-22,223.5960235595703,238.1199951171875,238.44000244140625,236.47000122070312,237.0399932861328,2938100.0
2022-03-23,221.71803283691406,236.1199951171875,238.00999450683594,235.9499969482422,237.1300048828125,2200500.0
2022-03-24,225.60552978515625,240.25999450683594,241.0399932861328,236.47000122070312,237.55999755859375,2337500.0
2022-03-25,226.8450164794922,241.5800018310547,241.85000610351562,239.42999267578125,240.5399932861328,2134800.0
2022-03-28,228.12205505371094,242.94000244140625,242.9499969482422,239.86000061035156,241.91000366210938,2041800.0
2022-03-29,233.03305053710938,248.1699981689453,248.64999389648438,244.77000427246094,246.35000610351562,2657400.0
2022-03-30,233.84059143066406,249.02999877929688,250.5,247.50999450683594,247.50999450683594,2227300.0
2022-03-31,232.19735717773438,247.27999877929688,251.35000610351562,247.27999877929688,249.72000122070312,3803400.0
2022-04-01,234.04718017578125,249.25,249.42999267578125,246.17999267578125,248.1199951171875,2023000.0
2022-04-04,231.77476501464844,246.8300018310547,247.27000427246094,242.3800048828125,246.7899932861328,2500700.0
2022-04-05,233.352294921875,248.50999450683594,249.74000549316406,245.42999267578125,246.10000610351562,2532500.0
2022-04-06,236.12237548828125,251.4600067138672,252.3800048828125,245.97999572753906,247.63999938964844,2886000.0
2022-04-07,238.8455047607422,254.36000061035156,255.47999572753906,249.5399932861328,250.7899932861328,4041800.0
2022-04-08,236.12237548828125,251.4600067138672,255.07000732421875,250.9199981689453,253.0399932861328,2551000.0
2022-04-11,235.17396545410156,250.4499969482422,252.94000244140625,249.92999267578125,251.25,2326700.0
2022-04-12,233.9720458984375,249.1699981689453,252.2899932861328,248.8000030517578,250.72999572753906,2724900.0
2022-04-13,236.0002899169922,251.3300018310547,251.66000366210938,249.02000427246094,249.36000061035156,2133800.0
2022-04-14,235.23031616210938,250.50999450683594,253.72999572753906,250.42999267578125,251.3300018310547,2105900.0
2022-04-18,235.7467803955078,251.05999755859375,252.49000549316406,249.1300048828125,249.6300048828125,1426600.0
2022-04-19,239.82203674316406,255.39999389648438,255.9600067138672,250.0399932861328,250.0399932861328,2324500.0
2022-04-20,240.24464416503906,255.85000610351562,257.7900085449219,254.82000732421875,256.0,2278700.0
2022-04-21,239.6812286376953,255.25,259.6099853515625,254.8800048828125,257.6499938964844,2476900.0
2022-04-22,234.91107177734375,250.1699981689453,255.0,249.94000244140625,255.0,2643600.0
2022-04-25,237.4557647705078,252.8800048828125,253.1300048828125,247.92999267578125,249.4499969482422,2523000.0
2022-04-26,233.41806030273438,248.5800018310547,252.41000366210938,248.3300018310547,250.1300048828125,2948500.0
2022-04-27,232.0658721923828,247.13999938964844,250.97000122070312,247.0500030517578,247.97999572753906,2706500.0
2022-04-28,238.68588256835938,254.19000244140625,256.3800048828125,248.0800018310547,249.94000244140625,3547400.0
2022-04-29,233.9626922607422,249.16000366210938,254.85000610351562,248.8000030517578,254.27999877929688,3388000.0
2022-05-02,231.59637451171875,246.63999938964844,251.5500030517578,242.25999450683594,250.86000061035156,3418700.0
2022-05-03,230.8733367919922,245.8699951171875,247.83999633789062,242.27999877929688,247.38999938964844,2562000.0
2022-05-04,238.80795288085938,254.32000732421875,254.77999877929688,246.16000366210938,246.16000366210938,3289300.0
2022-05-05,233.73727416992188,248.9199981689453,254.49000549316406,246.77999877929688,252.88999938964844,2925900.0
2022-05-06,235.48387145996094,250.77999877929688,252.4499969482422,247.6999969482422,248.19000244140625,2964500.0
2022-05-09,232.39454650878906,247.49000549316406,249.89999389648438,246.7899932861328,247.0,2918900.0
2022-05-10,230.69491577148438,245.67999267578125,250.8800048828125,244.92999267578125,248.99000549316406,3070800.0
2022-05-11,229.52114868164062,244.42999267578125,246.7899932861328,243.2100067138672,245.27000427246094,2833200.0
2022-05-12,229.29583740234375,244.19000244140625,246.3800048828125,241.1199951171875,245.32000732421875,2861000.0
2022-05-13,230.09396362304688,245.0399932861328,247.17999267578125,242.27999877929688,247.14999389648438,3255200.0
2022-05-16,229.1549530029297,244.0399932861328,245.47999572753906,240.72999572753906,244.4600067138672,2147100.0
2022-05-17,226.8919677734375,241.6300048828125,247.0,239.4600067138672,246.0,3204900.0
2022-05-18,216.95729064941406,231.0500030517578,240.0800018310547,230.3699951171875,239.4600067138672,3946100.0
2022-05-19,215.03231811523438,229.0,232.14999389648438,228.33999633789062,229.5,3518300.0
2022-05-20,219.64285278320312,233.91000366210938,234.05999755859375,228.58999633789062,231.3800048828125,3208200.0
2022-05-23,223.48336791992188,238.0,238.88999938964844,233.5,235.75999450683594,3053500.0
2022-05-24,229.6056671142578,244.52000427246094,245.8000030517578,237.4499969482422,237.5,5258200.0
2022-05-25,229.12680053710938,244.00999450683594,245.6999969482422,241.58999633789062,242.5800018310547,2641700.0
2022-05-26,232.9579315185547,248.08999633789062,249.3300018310547,245.60000610351562,246.0,1972300.0
2022-05-27,236.50735473632812,251.8699951171875,251.8699951171875,248.77999877929688,249.5,2063800.0
2022-05-31,236.8266143798828,252.2100067138672,254.27999877929688,248.6300048828125,250.0,3924700.0
2022-06-01,234.0753631591797,249.27999877929688,253.4199981689453,248.19000244140625,253.19000244140625,2264100.0
2022-06-02,235.10826110839844,250.3800048828125,250.44000244140625,246.22000122070312,249.60000610351562,2089700.0
2022-06-03,234.50396728515625,248.36000061035156,250.27000427246094,248.1699981689453,248.42999267578125,1838900.0
2022-06-06,234.23013305664062,248.07000732421875,249.52999877929688,247.3300018310547,249.0800018310547,1569300.0
2022-06-07,235.05162048339844,248.94000244140625,249.7899932861328,245.52999877929688,246.0,2782000.0
2022-06-08,231.90736389160156,245.61000061035156,248.47999572753906,244.88999938964844,247.89999389648438,2101300.0
2022-06-09,228.6498565673828,242.16000366210938,246.0,242.02999877929688,243.6199951171875,2682600.0
2022-06-10,224.1365509033203,237.3800048828125,239.50999450683594,237.16000366210938,239.17999267578125,1992300.0
2022-06-13,225.1657257080078,238.47000122070312,240.10000610351562,232.67999267578125,232.7899932861328,4697000.0
2022-06-14,225.43954467773438,238.75999450683594,242.89999389648438,238.6199951171875,239.9600067138672,3564800.0
2022-06-15,225.57174682617188,238.89999389648438,241.5800018310547,236.1199951171875,239.86000061035156,3152100.0
2022-06-16,222.0687255859375,235.19000244140625,237.32000732421875,233.82000732421875,236.0800018310547,3272000.0
2022-06-17,221.30392456054688,234.3800048828125,235.49000549316406,232.1699981689453,234.22000122070312,5396225.0
2022-06-21,226.22325134277344,239.58999633789062,240.10000610351562,234.13999938964844,236.22000122070312,3263500.0
2022-06-22,229.49966430664062,243.05999755859375,244.5500030517578,238.36000061035156,238.7899932861328,3054300.0
2022-06-23,229.9906463623047,243.5800018310547,245.08999633789062,240.4600067138672,243.6999969482422,1937000.0
2022-06-24,234.0696258544922,247.89999389648438,248.0,244.49000549316406,245.25999450683594,3104800.0
2022-06-27,233.24815368652344,247.02999877929688,248.77000427246094,246.57000732421875,247.89999389648438,2059200.0
2022-06-28,229.28250122070312,242.8300018310547,249.9600067138672,242.52000427246094,247.05999755859375,2381700.0
2022-06-29,233.91854858398438,247.74000549316406,248.8699951171875,245.11000061035156,246.13999938964844,2997200.0
2022-06-30,233.10653686523438,246.8800048828125,248.58999633789062,245.4499969482422,248.25,2786200.0
2022-07-01,238.84732055664062,252.9600067138672,253.13999938964844,246.0,246.35000610351562,2531400.0
2022-07-05,238.2147216796875,252.2899932861328,253.0,249.66000366210938,251.14999389648438,2390700.0
2022-07-06,237.43101501464844,251.4600067138672,252.86000061035156,249.3699951171875,252.47000122070312,1948600.0
2022-07-07,238.82846069335938,252.94000244140625,254.9199981689453,251.17999267578125,253.25999450683594,2396700.0
2022-07-08,239.11172485351562,253.24000549316406,254.6199951171875,252.32000732421875,252.60000610351562,1450300.0
2022-07-11,239.14944458007812,253.27999877929688,255.39999389648438,252.0800018310547,252.0800018310547,1478100.0
2022-07-12,237.44989013671875,251.47999572753906,255.6199951171875,250.75999450683594,252.97000122070312,2112800.0
2022-07-13,238.57351684570312,252.6699981689453,254.8000030517578,248.25999450683594,248.9600067138672,2205300.0
2022-07-14,238.50743103027344,252.60000610351562,253.10000610351562,249.6199951171875,249.88999938964844,2371000.0
2022-07-15,240.782958984375,255.00999450683594,256.3900146484375,253.4499969482422,254.02000427246094,2627200.0
2022-07-18,238.33746337890625,252.4199981689453,255.58999633789062,252.07000732421875,255.24000549316406,2164400.0
2022-07-19,242.18983459472656,256.5,256.6199951171875,252.97000122070312,253.8800048828125,2181300.0
2022-07-20,240.376953125,254.5800018310547,256.9100036621094,253.47000122070312,256.7799987792969,2183700.0
2022-07-21,239.32888793945312,253.47000122070312,254.8000030517578,252.32000732421875,253.99000549316406,2056500.0
2022-07-22,239.8198699951172,253.99000549316406,254.52999877929688,252.4499969482422,253.75,2226600.0
2022-07-25,236.41127014160156,250.3800048828125,254.8000030517578,248.66000366210938,254.57000732421875,2860400.0
2022-07-26,242.74693298339844,257.0899963378906,259.2200012207031,248.6999969482422,249.55999755859375,5272300.0
2022-07-27,244.44651794433594,258.8900146484375,259.9100036621094,254.69000244140625,255.8000030517578,2718300.0
2022-07-28,248.7615509033203,263.4599914550781,264.0,257.55999755859375,258.79998779296875,2849100.0
2022-07-29,248.6765594482422,263.3699951171875,264.3500061035156,262.1000061035156,263.6499938964844,2653800.0
2022-08-01,249.48863220214844,264.2300109863281,265.4599914550781,262.4100036621094,262.5400085449219,2384000.0
2022-08-02,246.4859619140625,261.04998779296875,265.45001220703125,260.8900146484375,264.6199951171875,2375200.0
2022-08-03,247.46803283691406,262.0899963378906,262.9200134277344,259.760009765625,261.04998779296875,2305300.0
2022-08-04,246.09886169433594,260.6400146484375,262.17999267578125,258.69000244140625,261.70001220703125,2089600.0
2022-08-05,244.7675323486328,259.2300109863281,260.0299987792969,257.07000732421875,259.6400146484375,1818500.0
2022-08-08,242.47305297851562,256.79998779296875,260.9100036621094,255.33999633789062,260.0,2253500.0
2022-08-09,245.5511932373047,260.05999755859375,260.2099914550781,256.3599853515625,256.8999938964844,2315800.0
2022-08-10,246.77865600585938,261.3599853515625,263.7099914550781,260.5,262.0,2967900.0
2022-08-11,244.81472778320312,259.2799987792969,263.2699890136719,258.6300048828125,263.20001220703125,2007000.0
2022-08-12,247.55291748046875,262.17999267578125,262.510009765625,259.54998779296875,259.54998779296875,1530800.0
2022-08-15,250.631103515625,265.44000244140625,265.6199951171875,261.25,262.2099914550781,2342700.0
2022-08-16,251.4336395263672,266.2900085449219,267.1300048828125,264.260009765625,265.0400085449219,1828000.0
2022-08-17,251.93411254882812,266.82000732421875,267.9700012207031,265.5799865722656,265.9599914550781,1699100.0
2022-08-18,251.70745849609375,266.5799865722656,267.3599853515625,265.4200134277344,266.0,1591900.0
2022-08-19,251.6697235107422,266.5400085449219,267.75,265.5400085449219,265.94000244140625,1833800.0
2022-08-22,248.280029296875,262.95001220703125,265.7900085449219,262.3699951171875,264.5,1986700.0
2022-08-23,246.00445556640625,260.5400085449219,263.3500061035156,260.5299987792969,262.6199951171875,2211100.0
2022-08-24,246.30657958984375,260.8599853515625,262.0,259.8599853515625,260.7099914550781,1777200.0
2022-08-25,247.91172790527344,262.55999755859375,262.67999267578125,260.20001220703125,261.989990234375,1330400.0
2022-08-26,242.61474609375,256.95001220703125,263.20001220703125,256.3900146484375,262.79998779296875,2357800.0
2022-08-29,241.39669799804688,255.66000366210938,256.7099914550781,254.58999633789062,255.5,2017500.0
2022-08-30,239.3477783203125,253.49000549316406,256.7200012207031,252.57000732421875,256.0,2051300.0
2022-08-31,239.50914001464844,252.27999877929688,255.67999267578125,252.1999969482422,254.1699981689453,3119200.0
2022-09-01,243.48704528808594,256.4700012207031,256.5299987792969,251.75999450683594,251.82000732421875,2577800.0
2022-09-02,241.6262664794922,254.50999450683594,258.5799865722656,253.36000061035156,257.4100036621094,1791300.0
2022-09-06,241.51231384277344,254.38999938964844,256.7300109863281,253.3800048828125,254.47000122070312,2645700.0
2022-09-07,245.33834838867188,258.4200134277344,259.82000732421875,254.9600067138672,255.13999938964844,4185200.0
2022-09-08,246.91429138183594,260.0799865722656,261.0799865722656,257.3299865722656,257.8500061035156,2448900.0
2022-09-09,246.38262939453125,259.5199890136719,260.739990234375,258.2099914550781,260.260009765625,2007000.0
2022-09-12,247.1896209716797,260.3699951171875,261.3999938964844,259.4200134277344,260.0,2204300.0
2022-09-13,241.4553680419922,254.3300018310547,258.95001220703125,253.6699981689453,257.739990234375,2604900.0
2022-09-14,242.7750244140625,255.72000122070312,258.2699890136719,254.3699951171875,255.0,2745200.0
2022-09-15,240.638916015625,253.47000122070312,255.22999572753906,252.49000549316406,255.02000427246094,2289500.0
2022-09-16,242.00599670410156,254.91000366210938,255.82000732421875,251.75,251.85000610351562,4304100.0
2022-09-19,243.99974060058594,257.010009765625,257.54998779296875,253.35000610351562,254.0,2195800.0
2022-09-20,242.47119140625,255.39999389648438,256.489990234375,252.77999877929688,256.1000061035156,2140200.0
2022-09-21,238.36990356445312,251.0800018310547,256.9100036621094,251.0800018310547,255.1300048828125,2438800.0
2022-09-22,235.38885498046875,247.94000244140625,250.42999267578125,247.64999389648438,250.38999938964844,2300500.0
2022-09-23,233.49957275390625,245.9499969482422,249.10000610351562,244.19000244140625,247.2100067138672,2672100.0
2022-09-26,231.42042541503906,243.75999450683594,246.25,242.44000244140625,245.94000244140625,3179100.0
2022-09-27,224.7178497314453,236.6999969482422,244.92999267578125,236.55999755859375,244.5800018310547,4193800.0
2022-09-28,224.94570922851562,236.94000244140625,238.52999877929688,233.75999450683594,236.1300048828125,4202400.0
2022-09-29,222.5342559814453,234.39999389648438,237.66000366210938,232.4600067138672,236.32000732421875,3053200.0
2022-09-30,219.05953979492188,230.74000549316406,234.8300018310547,230.5800018310547,233.32000732421875,3629300.0
2022-10-03,223.4266815185547,235.33999633789062,236.85000610351562,231.7100067138672,233.52000427246094,3286700.0
2022-10-04,226.42672729492188,238.5,241.0500030517578,236.2100067138672,236.7100067138672,3685700.0
2022-10-05,226.98687744140625,239.08999633789062,240.41000366210938,236.13999938964844,236.91000366210938,3033000.0
2022-10-06,222.86656188964844,234.75,239.8800048828125,234.4600067138672,239.33999633789062,2999200.0
2022-10-07,221.3855438232422,233.19000244140625,234.60000610351562,232.0800018310547,233.9600067138672,2294300.0
2022-10-10,223.05645751953125,234.9499969482422,236.25999450683594,233.41000366210938,233.41000366210938,2668700.0
2022-10-11,225.0501251220703,237.0500030517578,239.1199951171875,233.92999267578125,234.16000366210938,3169200.0
2022-10-12,225.05960083007812,237.05999755859375,240.0399932861328,237.05999755859375,237.27000427246094,2709300.0
2022-10-13,234.2591094970703,246.75,249.3000030517578,234.4600067138672,234.4600067138672,5026900.0
2022-10-14,230.850830078125,243.16000366210938,249.42999267578125,242.41000366210938,249.0800018310547,2918300.0
2022-10-17,234.0027618408203,246.47999572753906,247.22000122070312,243.52999877929688,245.8000030517578,2758200.0
2022-10-18,236.57557678222656,249.19000244140625,250.4199981689453,247.25,249.3699951171875,3123600.0
2022-10-19,238.05657958984375,250.75,252.52000427246094,249.1199951171875,250.0,3021300.0
2022-10-20,237.12623596191406,249.77000427246094,251.75,249.0500030517578,249.5500030517578,2410700.0
2022-10-21,241.6642608642578,254.5500030517578,255.36000061035156,249.5,250.2100067138672,3254900.0
2022-10-24,242.39527893066406,255.32000732421875,256.8699951171875,253.07000732421875,255.27999877929688,4125100.0
2022-10-25,242.7845001220703,255.72999572753906,257.2799987792969,254.39999389648438,254.57000732421875,2689000.0
2022-10-26,243.6199493408203,256.6099853515625,260.69000244140625,256.1199951171875,257.8399963378906,3582600.0
2022-10-27,251.68966674804688,265.1099853515625,266.989990234375,262.260009765625,263.0,4145700.0
2022-10-28,260.6233215332031,274.5199890136719,274.80999755859375,265.989990234375,267.510009765625,4647600.0
2022-10-31,258.8575134277344,272.6600036621094,273.6300048828125,270.80999755859375,273.05999755859375,3336100.0
2022-11-01,259.1327819824219,272.95001220703125,273.7900085449219,269.6600036621094,273.69000244140625,2740900.0
2022-11-02,256.6834411621094,270.3699951171875,276.6700134277344,270.30999755859375,273.0,3069900.0
2022-11-03,259.1327819824219,272.95001220703125,274.67999267578125,268.3800048828125,269.3299865722656,3225400.0
2022-11-04,260.71826171875,274.6199951171875,275.7099914550781,272.1300048828125,275.6000061035156,3256500.0
2022-11-07,262.41766357421875,276.4100036621094,278.0799865722656,275.07000732421875,275.07000732421875,3029500.0
2022-11-08,264.30694580078125,278.3999938964844,279.5199890136719,276.5,276.8599853515625,2628800.0
2022-11-09,263.72784423828125,277.7900085449219,280.25,277.67999267578125,278.510009765625,2610800.0
2022-11-10,261.9144592285156,275.8800048828125,281.6700134277344,272.5799865722656,281.489990234375,4510900.0
2022-11-11,257.6517639160156,271.3900146484375,277.0,269.17999267578125,276.3299865722656,4742800.0
2022-11-14,258.4871826171875,272.2699890136719,274.7099914550781,270.5799865722656,270.92999267578125,3357400.0
2022-11-15,254.281494140625,267.8399963378906,271.0299987792969,266.3399963378906,270.25,5396225.0
2022-11-16,258.7151184082031,272.510009765625,274.42999267578125,268.9200134277344,268.9200134277344,4132700.0
2022-11-17,259.5220031738281,273.3599853515625,274.3500061035156,270.55999755859375,272.07000732421875,2467400.0
2022-11-18,259.5315246582031,273.3699951171875,275.1000061035156,272.1199951171875,273.9200134277344,2699200.0
2022-11-21,260.6233215332031,274.5199890136719,274.9800109863281,273.1000061035156,274.6499938964844,2974200.0
2022-11-22,260.8511962890625,274.760009765625,275.29998779296875,274.29998779296875,275.0,2770400.0
2022-11-23,259.4366149902344,273.2699890136719,275.6499938964844,272.8800048828125,275.54998779296875,2514800.0
2022-11-25,261.0790100097656,275.0,275.32000732421875,272.8599853515625,274.510009765625,1596600.0
2022-11-28,259.0663757324219,272.8800048828125,275.94000244140625,272.3800048828125,274.8800048828125,3160500.0
2022-11-29,257.67071533203125,271.4100036621094,271.9200134277344,269.4700012207031,271.0,2873500.0
2022-11-30,260.439453125,272.7900085449219,273.30999755859375,268.8299865722656,269.6199951171875,5196500.0
2022-12-01,261.0218811035156,273.3999938964844,274.239990234375,271.3900146484375,273.1600036621094,2599600.0
2022-12-02,261.0218811035156,273.3999938964844,273.45001220703125,269.6199951171875,269.80999755859375,2807500.0
2022-12-05,259.29376220703125,271.5899963378906,272.57000732421875,270.0,271.0199890136719,2586900.0
2022-12-06,259.46563720703125,271.7699890136719,273.3699951171875,270.0299987792969,271.79998779296875,3573000.0
2022-12-07,258.1003723144531,270.3399963378906,273.9800109863281,269.6700134277344,272.5,2766400.0
2022-12-08,261.0123291015625,273.3900146484375,273.57000732421875,270.6199951171875,271.0,3022700.0
2022-12-09,259.7234191894531,272.0400085449219,274.1600036621094,271.7200012207031,273.6099853515625,1677400.0
2022-12-12,264.0960693359375,276.6199951171875,276.7099914550781,271.2200012207031,272.19000244140625,3230500.0
2022-12-13,261.862060546875,274.2799987792969,279.8999938964844,273.6400146484375,278.67999267578125,3390100.0
2022-12-14,262.1007385253906,274.5299987792969,277.0799865722656,272.29998779296875,275.2200012207031,2660900.0
2022-12-15,259.42742919921875,271.7300109863281,274.3800048828125,269.2099914550781,273.7900085449219,2735300.0
2022-12-16,254.0714569091797,266.1199951171875,271.0199890136719,265.760009765625,270.4100036621094,5396225.0
2022-12-19,253.7945556640625,265.8299865722656,268.4200134277344,264.6700134277344,266.25,2160800.0
2022-12-20,255.15028381347656,267.25,267.94000244140625,264.5400085449219,266.9200134277344,1785600.0
2022-12-21,256.01910400390625,268.1600036621094,269.94000244140625,267.30999755859375,267.4800109863281,2366800.0
2022-12-22,253.73728942871094,265.7699890136719,268.1199951171875,263.6499938964844,267.2699890136719,2366700.0
2022-12-23,255.45582580566406,267.57000732421875,268.3500061035156,264.7900085449219,265.8999938964844,1269000.0
2022-12-27,254.75889587402344,266.8399963378906,268.8699951171875,266.6000061035156,268.6600036621094,1674700.0
2022-12-28,253.107177734375,265.1099853515625,268.1400146484375,265.07000732421875,268.0,1427800.0
2022-12-29,253.8900604248047,265.92999267578125,267.80999755859375,264.8800048828125,265.94000244140625,1393900.0
2022-12-30,251.59872436523438,263.5299987792969,265.3800048828125,261.3999938964844,265.20001220703125,1720100.0
2023-01-03,252.3624725341797,264.3299865722656,264.3500061035156,259.510009765625,263.5299987792969,2743800.0
2023-01-04,252.41976928710938,264.3900146484375,266.54998779296875,262.8900146484375,266.25,2584100.0
2023-01-05,250.290771484375,262.1600036621094,264.760009765625,261.3800048828125,264.760009765625,1945600.0
2023-01-06,257.269775390625,269.4700012207031,269.8900146484375,263.3900146484375,263.760009765625,2855400.0
2023-01-09,255.15028381347656,267.25,269.95001220703125,266.7699890136719,269.92999267578125,2654600.0
2023-01-10,256.7351379394531,268.9100036621094,269.1000061035156,266.9599914550781,266.9800109863281,1718400.0
2023-01-11,256.6396484375,268.80999755859375,269.739990234375,266.9599914550781,269.5199890136719,2391400.0
2023-01-12,254.6156463623047,266.69000244140625,269.9200134277344,266.19000244140625,269.5,1933000.0
2023-01-13,256.71600341796875,268.8900146484375,268.95001220703125,265.8800048828125,266.3900146484375,2168900.0
2023-01-17,261.69970703125,274.1099853515625,275.3900146484375,270.0199890136719,270.0199890136719,3640200.0
2023-01-18,253.99505615234375,266.0400085449219,274.3699951171875,265.7200012207031,273.510009765625,3276500.0
2023-01-19,251.64646911621094,263.5799865722656,269.1400146484375,263.5299987792969,266.7200012207031,2845400.0
2023-01-20,256.4200439453125,268.5799865722656,268.6499938964844,262.8299865722656,264.42999267578125,2588600.0
2023-01-23,257.0979309082031,269.2900085449219,271.1700134277344,267.760009765625,268.8399963378906,2434000.0
2023-01-24,257.355712890625,269.55999755859375,270.1600036621094,261.2200012207031,261.2200012207031,2517100.0
2023-01-25,260.6399841308594,273.0,273.07000732421875,268.82000732421875,270.3299865722656,3097400.0
2023-01-26,262.2820739746094,274.7200012207031,274.75,271.70001220703125,273.0,2222500.0
2023-01-27,260.1243896484375,272.4599914550781,275.30999755859375,271.9700012207031,275.0,2203200.0
2023-01-30,258.6255187988281,270.8900146484375,272.57000732421875,270.05999755859375,271.6700134277344,2862400.0
2023-01-31,255.29344177246094,267.3999938964844,267.510009765625,263.25,265.0899963378906,5396225.0
2023-02-01,254.2146453857422,266.2699890136719,268.4599914550781,263.5,267.0199890136719,3557700.0
2023-02-02,251.293212890625,263.2099914550781,265.9800109863281,262.0199890136719,264.8900146484375,3735600.0
2023-02-03,252.26707458496094,264.2300109863281,265.2200012207031,261.3500061035156,262.6300048828125,3008500.0
2023-02-06,255.78997802734375,267.9200134277344,268.20001220703125,264.3599853515625,264.989990234375,2863900.0
2023-02-07,255.23622131347656,267.3399963378906,267.7699890136719,263.6300048828125,265.0199890136719,2514000.0
2023-02-08,250.9208526611328,262.82000732421875,265.8900146484375,262.45001220703125,265.0899963378906,2801800.0
2023-02-09,248.85870361328125,260.6600036621094,263.95001220703125,260.19000244140625,263.69000244140625,3534600.0
2023-02-10,250.53897094726562,262.4200134277344,262.69000244140625,260.2900085449219,260.8699951171875,3049900.0
2023-02-13,254.14785766601562,266.20001220703125,266.7900085449219,263.0,263.70001220703125,2418300.0
2023-02-14,254.5392608642578,266.6099853515625,267.5199890136719,264.5899963378906,266.6499938964844,2202100.0
2023-02-15,254.49154663085938,266.55999755859375,267.67999267578125,265.1499938964844,266.2699890136719,1862000.0
2023-02-16,253.7945556640625,265.8299865722656,267.7099914550781,263.2799987792969,265.07000732421875,2785400.0
2023-02-17,257.7662658691406,269.989990234375,270.0,265.3299865722656,266.29998779296875,3055600.0
2023-02-21,256.3913879394531,268.54998779296875,270.239990234375,267.6099853515625,269.2900085449219,2824300.0
2023-02-22,256.47735595703125,268.6400146484375,270.4800109863281,267.6600036621094,268.20001220703125,2192000.0
2023-02-23,254.70155334472656,266.7799987792969,267.8699951171875,263.9599914550781,267.70001220703125,4217000.0
2023-02-24,251.7418975830078,263.67999267578125,266.2799987792969,262.25,265.9100036621094,2645300.0
2023-02-27,252.79212951660156,264.7799987792969,266.29998779296875,263.5400085449219,265.0299987792969,2024800.0
2023-02-28,253.41627502441406,263.9100036621094,264.5799865722656,262.80999755859375,263.1400146484375,2853400.0
2023-03-01,252.27362060546875,262.7200012207031,263.5299987792969,261.67999267578125,262.5400085449219,2058900.0
2023-03-02,256.9307861328125,267.57000732421875,268.4599914550781,262.30999755859375,262.45001220703125,2385900.0
2023-03-03,258.3711242675781,269.07000732421875,269.3800048828125,266.20001220703125,268.4200134277344,2725800.0
2023-03-06,259.87872314453125,270.6400146484375,270.7799987792969,268.8999938964844,269.1499938964844,2217600.0
2023-03-07,256.50823974609375,267.1300048828125,273.1499938964844,266.82000732421875,271.5199890136719,2766600.0
2023-03-08,254.77978515625,265.3299865722656,266.1600036621094,263.1400146484375,265.8599853515625,2314000.0
2023-03-09,251.22695922851562,261.6300048828125,267.6099853515625,260.8699951171875,267.0899963378906,2339300.0
2023-03-10,251.6110382080078,262.0299987792969,266.5799865722656,261.260009765625,263.7300109863281,3093100.0
2023-03-13,252.61929321289062,263.0799865722656,267.3999938964844,260.3699951171875,260.3699951171875,3552400.0
2023-03-14,255.3271026611328,265.8999938964844,266.94000244140625,262.6000061035156,263.1199951171875,3194400.0
2023-03-15,255.74966430664062,266.3399963378906,266.4100036621094,262.57000732421875,264.5799865722656,3419400.0
2023-03-16,259.8114318847656,270.57000732421875,270.67999267578125,265.510009765625,265.7799987792969,3097900.0
2023-03-17,256.57550048828125,267.20001220703125,269.9700012207031,265.7099914550781,269.57000732421875,5075300.0
2023-03-20,259.9747314453125,270.739990234375,271.3800048828125,267.8399963378906,267.8399963378906,2108900.0
2023-03-21,259.4657287597656,270.2099914550781,270.8699951171875,267.6199951171875,270.0,3120100.0
2023-03-22,257.2187805175781,267.8699951171875,271.9800109863281,267.7099914550781,270.0400085449219,2240800.0
2023-03-23,258.89923095703125,269.6199951171875,271.4800109863281,267.989990234375,267.989990234375,2263800.0
2023-03-24,260.5412292480469,271.3299865722656,271.8299865722656,268.8399963378906,270.3699951171875,2229200.0
2023-03-27,262.951416015625,273.8399963378906,274.95001220703125,270.57000732421875,272.0,2799100.0
2023-03-28,264.88153076171875,275.8500061035156,276.2200012207031,273.510009765625,273.989990234375,2036000.0
2023-03-29,266.4083251953125,277.44000244140625,278.1499938964844,276.45001220703125,277.0,2053400.0
2023-03-30,266.7444152832031,277.7900085449219,278.3999938964844,276.5,277.260009765625,1788800.0
2023-03-31,268.49200439453125,279.6099853515625,280.6400146484375,278.5,278.9200134277344,2902500.0
2023-04-03,270.9214172363281,282.1400146484375,282.8699951171875,279.67999267578125,280.989990234375,2352700.0
2023-04-04,271.05584716796875,282.2799987792969,283.4200134277344,280.3900146484375,281.4100036621094,2282300.0
2023-04-05,270.8061828613281,282.0199890136719,284.9800109863281,281.7799987792969,283.489990234375,2600800.0
2023-04-06,271.6416320800781,282.8900146484375,283.489990234375,281.57000732421875,282.42999267578125,1731000.0
2023-04-10,272.4962158203125,283.7799987792969,284.1700134277344,281.989990234375,283.17999267578125,1941800.0
2023-04-11,273.16839599609375,284.4800109863281,285.5400085449219,282.75,283.1700134277344,2732900.0
2023-04-12,273.95574951171875,285.29998779296875,286.7900085449219,283.5,283.8500061035156,2557400.0
2023-04-13,277.5758361816406,289.07000732421875,289.5400085449219,286.1099853515625,286.57000732421875,3229300.0
2023-04-14,277.48944091796875,288.9800109863281,289.94000244140625,287.6199951171875,289.2900085449219,2054700.0
2023-04-17,277.8062744140625,289.30999755859375,290.510009765625,288.17999267578125,289.8399963378906,2371000.0
2023-04-18,279.34271240234375,290.9100036621094,291.19000244140625,289.0,289.3999938964844,2086700.0
2023-04-19,279.6883850097656,291.2699890136719,291.6000061035156,290.19000244140625,290.9100036621094,2254000.0
2023-04-20,279.42913818359375,291.0,291.6700134277344,289.8800048828125,290.9599914550781,2274200.0
2023-04-21,280.4469909667969,292.05999755859375,292.5299987792969,290.510009765625,292.32000732421875,2171200.0
2023-04-24,281.5416564941406,293.20001220703125,293.42999267578125,291.7099914550781,292.8299865722656,2995200.0
2023-04-25,279.9188537597656,291.510009765625,295.0,289.42999267578125,295.0,5396225.0
2023-04-26,278.2384033203125,289.760009765625,291.5,289.760009765625,289.9800109863281,3290000.0
2023-04-27,283.0011901855469,294.7200012207031,295.04998779296875,290.0,290.7200012207031,3142300.0
2023-04-28,283.9902648925781,295.75,296.17999267578125,293.9100036621094,294.8299865722656,2837200.0
2023-05-01,285.7474365234375,297.5799865722656,298.79998779296875,295.6499938964844,295.7200012207031,2124400.0
2023-05-02,286.218017578125,298.07000732421875,298.4599914550781,295.5799865722656,297.3699951171875,2083800.0
2023-05-03,283.4813232421875,295.2200012207031,297.260009765625,294.6499938964844,296.760009765625,2425500.0
2023-05-04,283.4237060546875,295.1600036621094,296.30999755859375,293.4700012207031,296.05999755859375,2005300.0
2023-05-05,284.80645751953125,296.6000061035156,297.0199890136719,294.4599914550781,295.7699890136719,1815400.0
2023-05-08,284.8928527832031,296.69000244140625,297.3699951171875,295.57000732421875,297.1000061035156,2969600.0
2023-05-09,284.8640441894531,296.6600036621094,298.8599853515625,296.29998779296875,298.6300048828125,1637500.0
2023-05-10,284.77764892578125,296.57000732421875,298.0,293.8399963378906,296.3800048828125,1849300.0
2023-05-11,283.0684509277344,294.7900085449219,296.94000244140625,293.3599853515625,296.5,1955100.0
2023-05-12,284.3647155761719,296.1400146484375,296.42999267578125,294.30999755859375,295.19000244140625,1801700.0
2023-05-15,284.13427734375,295.8999938964844,296.6400146484375,294.6600036621094,295.7699890136719,1700500.0
2023-05-16,282.453857421875,294.1499938964844,296.19000244140625,293.9800109863281,295.94000244140625,2859500.0
2023-05-17,281.7912902832031,293.4599914550781,295.5199890136719,292.6499938964844,295.5199890136719,2802100.0
2023-05-18,282.3577880859375,294.04998779296875,294.42999267578125,291.1300048828125,293.25,2410700.0
2023-05-19,283.7982177734375,295.54998779296875,296.0,292.4700012207031,293.8399963378906,2371200.0
2023-05-22,277.8447570800781,289.3500061035156,296.6400146484375,289.1400146484375,295.54998779296875,2514700.0
2023-05-23,274.98321533203125,286.3699951171875,288.5,285.44000244140625,288.1499938964844,2943900.0
2023-05-24,274.5511169433594,285.9200134277344,287.1199951171875,284.5799865722656,286.45001220703125,2262100.0
2023-05-25,274.1669921875,285.5199890136719,286.9100036621094,284.7099914550781,286.7900085449219,2748100.0
2023-05-26,274.6663513183594,286.0400085449219,288.75,285.67999267578125,285.67999267578125,2148200.0
2023-05-30,273.59088134765625,284.9200134277344,286.3500061035156,283.67999267578125,283.92999267578125,3385200.0
2023-05-31,273.7733154296875,285.1099853515625,285.70001220703125,283.3500061035156,284.8800048828125,3104900.0
2023-06-01,276.423583984375,287.8699951171875,288.0400085449219,283.6000061035156,284.9200134277344,2605300.0
2023-06-02,279.8601379394531,289.9100036621094,290.20001220703125,286.1400146484375,286.70001220703125,2869000.0
2023-06-05,278.43145751953125,288.42999267578125,290.5,288.0299987792969,290.0,1974500.0
2023-06-06,274.67633056640625,284.5400085449219,290.2300109863281,281.9800109863281,289.8599853515625,2771500.0
2023-06-07,272.1278076171875,281.8999938964844,284.739990234375,281.30999755859375,284.45001220703125,3614800.0
2023-06-08,275.87335205078125,285.7799987792969,286.05999755859375,280.0,280.9700012207031,3043700.0
2023-06-09,276.84832763671875,286.7900085449219,287.2799987792969,284.739990234375,285.5199890136719,1975900.0
2023-06-12,278.5666198730469,288.57000732421875,288.75,286.5,288.1600036621094,1885000.0
2023-06-13,278.5472717285156,288.54998779296875,289.69000244140625,287.54998779296875,288.5,2027800.0
2023-06-14,278.4411315917969,288.44000244140625,289.55999755859375,287.30999755859375,288.1000061035156,1964500.0
2023-06-15,282.466552734375,292.6099853515625,293.4800109863281,288.260009765625,289.6499938964844,2619200.0
2023-06-16,283.518798828125,293.70001220703125,296.57000732421875,293.1400146484375,294.510009765625,4890400.0
2023-06-20,282.8816833496094,293.0400085449219,297.17999267578125,292.67999267578125,293.6499938964844,2729800.0
2023-06-21,284.31036376953125,294.5199890136719,295.1600036621094,292.80999755859375,293.32000732421875,2837100.0
2023-06-22,283.1326599121094,293.29998779296875,295.0799865722656,291.5199890136719,294.6199951171875,1799400.0
2023-06-23,279.8601379394531,289.9100036621094,292.45001220703125,289.6400146484375,291.3500061035156,3720600.0
2023-06-26,279.06854248046875,289.0899963378906,289.75,287.07000732421875,289.6400146484375,1851800.0
2023-06-27,281.20196533203125,291.29998779296875,292.489990234375,289.6499938964844,290.30999755859375,1815000.0
2023-06-28,281.6266784667969,291.739990234375,291.82000732421875,289.04998779296875,291.45001220703125,1666500.0
2023-06-29,284.2621154785156,294.4700012207031,294.6600036621094,290.2099914550781,291.54998779296875,1744000.0
2023-06-30,288.0654602050781,298.4100036621094,299.1000061035156,294.8900146484375,295.1400146484375,2644700.0
2023-07-03,284.61920166015625,294.8399963378906,298.3999938964844,294.79998779296875,297.7900085449219,1601300.0
2023-07-05,286.6078186035156,296.8999938964844,297.30999755859375,294.5899963378906,295.1099853515625,2356000.0
2023-07-06,284.69647216796875,294.9200134277344,296.5799865722656,293.44000244140625,295.32000732421875,2569600.0
2023-07-07,281.9742736816406,292.1000061035156,294.3599853515625,291.54998779296875,293.7200012207031,2586500.0
2023-07-10,284.2813720703125,294.489990234375,295.6199951171875,292.3299865722656,292.3999938964844,1703700.0
2023-07-11,284.5227355957031,294.739990234375,295.5,291.7699890136719,295.2900085449219,1529600.0
2023-07-12,285.3625793457031,295.6099853515625,297.1000061035156,295.20001220703125,296.8299865722656,2156000.0
2023-07-13,284.9860534667969,295.2200012207031,296.6600036621094,295.010009765625,295.3900146484375,1656900.0
2023-07-14,284.7158203125,294.94000244140625,296.04998779296875,294.010009765625,295.25,1550000.0
2023-07-17,284.46478271484375,294.67999267578125,296.8599853515625,294.54998779296875,295.0799865722656,1669900.0
2023-07-18,283.6346130371094,293.82000732421875,295.75,292.4599914550781,294.4700012207031,1991600.0
2023-07-19,283.9338684082031,294.1300048828125,295.3999938964844,293.2200012207031,295.0,1969200.0
2023-07-20,286.829833984375,297.1300048828125,297.55999755859375,294.1099853515625,294.30999755859375,2104300.0
2023-07-21,285.3625793457031,295.6099853515625,299.3500061035156,295.32000732421875,297.6600036621094,2834100.0
2023-07-24,285.0729064941406,295.30999755859375,296.95001220703125,294.8599853515625,296.0,2034400.0
2023-07-25,282.2252197265625,292.3599853515625,294.92999267578125,291.6499938964844,294.20001220703125,2780600.0
2023-07-26,281.6363830566406,291.75,292.5799865722656,289.5,292.25,2896900.0
2023-07-27,284.9571228027344,295.19000244140625,298.8999938964844,291.510009765625,292.0,4698300.0
2023-07-28,283.8372802734375,294.0299987792969,297.70001220703125,292.95001220703125,295.79998779296875,2843000.0
2023-07-31,283.0361022949219,293.20001220703125,294.239990234375,290.04998779296875,293.6099853515625,3296000.0
2023-08-01,280.97991943359375,291.07000732421875,293.9100036621094,290.25,293.0,1916200.0
2023-08-02,279.5802001953125,289.6199951171875,293.45001220703125,289.3800048828125,290.260009765625,2388300.0
2023-08-03,280.9316711425781,291.0199890136719,291.2699890136719,288.6499938964844,288.79998779296875,1910700.0
2023-08-04,277.0703430175781,287.0199890136719,292.82000732421875,286.760009765625,292.4100036621094,2517300.0
2023-08-07,281.2984924316406,291.3999938964844,291.3999938964844,287.8599853515625,287.8800048828125,2176800.0
2023-08-08,279.5415344238281,289.5799865722656,291.6000061035156,288.5400085449219,291.04998779296875,1948400.0
2023-08-09,278.2384033203125,288.2300109863281,289.7200012207031,287.8800048828125,289.0,1895800.0
2023-08-10,277.6302185058594,287.6000061035156,290.3699951171875,286.7799987792969,288.80999755859375,2436300.0
2023-08-11,278.6148376464844,288.6199951171875,288.9599914550781,286.760009765625,287.25,1760900.0
2023-08-14,278.7982482910156,288.80999755859375,289.8500061035156,287.6199951171875,288.7900085449219,1712400.0
2023-08-15,278.30596923828125,288.29998779296875,289.0799865722656,287.1199951171875,287.95001220703125,1883800.0
2023-08-16,275.5064697265625,285.3999938964844,288.8800048828125,285.0299987792969,287.57000732421875,1829400.0
2023-08-17,272.0892028808594,281.8599853515625,286.5400085449219,281.7799987792969,286.1499938964844,2148400.0
2023-08-18,271.9733581542969,281.739990234375,283.739990234375,280.29998779296875,281.7200012207031,2624500.0
2023-08-21,270.33233642578125,280.0400085449219,282.2900085449219,278.67999267578125,281.70001220703125,2682600.0
2023-08-22,270.5929260253906,280.30999755859375,280.82000732421875,279.0899963378906,280.760009765625,2052300.0
2023-08-23,272.098876953125,281.8699951171875,283.1499938964844,280.6499938964844,282.0199890136719,2308800.0
2023-08-24,272.562255859375,282.3500061035156,284.75,281.739990234375,281.739990234375,2006400.0
2023-08-25,274.71490478515625,284.5799865722656,286.1400146484375,283.510009765625,284.760009765625,3725200.0
2023-08-28,273.84613037109375,283.67999267578125,286.20001220703125,283.510009765625,284.5799865722656,2317600.0
2023-08-29,273.75927734375,283.5899963378906,284.57000732421875,280.42999267578125,283.95001220703125,2348500.0
2023-08-30,274.3866882324219,284.239990234375,285.9800109863281,283.2900085449219,283.79998779296875,2410700.0
2023-08-31,272.86297607421875,281.1499938964844,283.79998779296875,280.8800048828125,283.2099914550781,2979800.0
2023-09-01,272.6592102050781,280.94000244140625,283.1400146484375,279.1300048828125,282.5400085449219,2136400.0
2023-09-05,270.931640625,279.1600036621094,281.6400146484375,279.05999755859375,281.0,2410300.0
2023-09-06,267.3212890625,275.44000244140625,278.6499938964844,275.0,278.0,2705800.0
2023-09-07,270.1260681152344,278.3299865722656,278.989990234375,276.1000061035156,277.25,3732800.0
2023-09-08,270.9898681640625,279.2200012207031,280.3500061035156,277.8500061035156,278.0799865722656,2351300.0
2023-09-11,271.51397705078125,279.760009765625,280.1300048828125,278.55999755859375,279.69000244140625,2433200.0
2023-09-12,272.4359436035156,280.7099914550781,281.5,277.69000244140625,279.489990234375,1450200.0
2023-09-13,273.4646911621094,281.7699890136719,282.8900146484375,280.6099853515625,281.6700134277344,1724300.0
2023-09-14,276.3665771484375,284.760009765625,285.6000061035156,282.57000732421875,283.3299865722656,2219700.0
2023-09-15,270.0290222167969,278.2300109863281,283.8599853515625,277.7300109863281,283.8599853515625,5396225.0
2023-09-18,269.5340881347656,277.7200012207031,280.2699890136719,276.92999267578125,278.7200012207031,2884800.0
2023-09-19,269.9320068359375,278.1300048828125,278.260009765625,276.44000244140625,276.44000244140625,2128100.0
2023-09-20,269.0294189453125,277.20001220703125,280.2699890136719,277.1400146484375,278.739990234375,1979300.0
2023-09-21,263.2256774902344,271.2200012207031,277.19000244140625,271.0199890136719,276.94000244140625,2370100.0
2023-09-22,264.19622802734375,272.2200012207031,273.6400146484375,270.8299865722656,271.3999938964844,1958300.0
2023-09-25,261.8280944824219,269.7799987792969,271.760009765625,268.9100036621094,270.45001220703125,1895500.0
2023-09-26,259.828857421875,267.7200012207031,269.29998779296875,266.5799865722656,268.82000732421875,2251600.0
2023-09-27,255.86912536621094,263.6400146484375,267.94000244140625,262.2900085449219,267.7200012207031,2735000.0
2023-09-28,257.7616271972656,265.5899963378906,266.30999755859375,263.1300048828125,264.2300109863281,2182400.0
2023-09-29,255.6749725341797,263.44000244140625,267.3699951171875,261.75,267.1499938964844,3366600.0
2023-10-02,250.1527099609375,257.75,262.07000732421875,257.4599914550781,262.0,4425000.0
2023-10-03,246.9888153076172,254.49000549316406,258.29998779296875,253.8699951171875,257.2099914550781,3408100.0
2023-10-04,248.2698974609375,255.80999755859375,256.25,254.00999450683594,255.3300018310547,2820000.0
2023-10-05,244.79542541503906,252.22999572753906,257.8500061035156,251.5800018310547,256.0,3799600.0
2023-10-06,240.90362548828125,248.22000122070312,250.82000732421875,245.72999572753906,250.0,5129500.0
2023-10-09,242.55349731445312,249.9199981689453,249.99000549316406,247.25999450683594,247.72000122070312,2782300.0
2023-10-10,244.10633850097656,251.52000427246094,253.42999267578125,250.5,251.72000122070312,3129600.0
2023-10-11,243.52403259277344,250.9199981689453,252.69000244140625,249.38999938964844,252.58999633789062,2919400.0
2023-10-12,238.93345642089844,246.19000244140625,252.14999389648438,245.8800048828125,251.69000244140625,3528300.0
2023-10-13,240.99095153808594,248.30999755859375,248.80999755859375,246.0,246.82000732421875,2646500.0
2023-10-16,242.5729217529297,249.94000244140625,250.49000549316406,248.07000732421875,249.22000122070312,2774700.0
2023-10-17,243.737548828125,251.13999938964844,251.39999389648438,249.3800048828125,250.08999633789062,2627500.0
2023-10-18,248.48341369628906,256.0299987792969,257.0899963378906,252.33999633789062,252.85000610351562,4559200.0
2023-10-19,250.76414489746094,258.3800048828125,262.55999755859375,256.260009765625,256.260009765625,5396225.0
2023-10-20,250.50205993652344,258.1099853515625,260.3399963378906,257.55999755859375,258.9599914550781,3778200.0
2023-10-23,247.2411346435547,254.75,257.239990234375,254.5399932861328,256.6099853515625,3409800.0
2023-10-24,249.68682861328125,257.2699890136719,257.760009765625,254.67999267578125,254.67999267578125,2468000.0
2023-10-25,250.42445373535156,258.0299987792969,259.42999267578125,256.94000244140625,258.1199951171875,2759100.0
2023-10-26,248.289306640625,255.8300018310547,259.5400085449219,255.67999267578125,258.3599853515625,2702600.0
2023-10-27,248.2213592529297,255.75999450683594,259.3800048828125,254.8699951171875,256.54998779296875,3209000.0
2023-10-30,252.48194885253906,260.1499938964844,262.05999755859375,254.60000610351562,260.1000061035156,5396225.0
2023-10-31,254.4424591064453,262.1700134277344,263.69000244140625,259.75,263.4599914550781,3990600.0
2023-11-01,254.2483367919922,261.9700012207031,263.3900146484375,259.8299865722656,263.0,3543000.0
2023-11-02,258.9844970703125,266.8500061035156,267.4200134277344,263.510009765625,263.5899963378906,4109700.0
2023-11-03,259.97442626953125,267.8699951171875,268.6099853515625,265.489990234375,267.55999755859375,3126200.0
2023-11-06,260.9837341308594,268.9100036621094,269.1099853515625,267.29998779296875,268.010009765625,3090600.0
2023-11-07,260.7508850097656,268.6700134277344,269.7900085449219,268.1099853515625,268.79998779296875,2360800.0
2023-11-08,259.6055908203125,267.489990234375,270.05999755859375,267.2799987792969,268.8299865722656,2223300.0
2023-11-09,259.042724609375,266.9100036621094,268.3399963378906,265.94000244140625,268.239990234375,2501700.0
2023-11-10,259.8968200683594,267.7900085449219,268.1300048828125,265.2099914550781,267.3299865722656,2664900.0
2023-11-13,261.26519775390625,269.20001220703125,269.7200012207031,267.260009765625,267.3999938964844,2591900.0
2023-11-14,263.4877014160156,271.489990234375,271.6600036621094,269.3500061035156,270.0,2647800.0
2023-11-15,262.420166015625,270.3900146484375,273.1000061035156,269.0199890136719,272.42999267578125,2575900.0
2023-11-16,267.98126220703125,276.1199951171875,276.1600036621094,271.0299987792969,271.07000732421875,3593700.0
2023-11-17,267.6221618652344,275.75,277.1199951171875,275.1499938964844,276.54998779296875,2604800.0
2023-11-20,270.80548095703125,279.0299987792969,279.79998779296875,275.0199890136719,275.3500061035156,3499400.0
2023-11-21,272.2030334472656,280.4700012207031,280.6700134277344,278.42999267578125,279.8699951171875,2940800.0
2023-11-22,273.6199951171875,281.92999267578125,282.4100036621094,281.20001220703125,281.25,2285000.0
2023-11-24,274.2120361328125,282.5400085449219,282.5899963378906,281.0299987792969,282.0,1218000.0
2023-11-27,273.53265380859375,281.8399963378906,283.8999938964844,281.0899963378906,282.6600036621094,3703900.0
2023-11-28,273.7752685546875,282.0899963378906,283.5400085449219,281.3500061035156,281.5,2199600.0
2023-11-29,272.1156921386719,280.3800048828125,282.4700012207031,279.5,282.2099914550781,2433400.0
2023-11-30,275.171630859375,281.8399963378906,282.2799987792969,278.05999755859375,280.4200134277344,5030400.0
2023-12-01,279.1941223144531,285.9599914550781,286.8599853515625,283.0,283.25,4967400.0
2023-12-04,279.360107421875,286.1300048828125,287.3999938964844,284.989990234375,284.989990234375,3522900.0
2023-12-05,279.76043701171875,286.5400085449219,288.760009765625,285.2099914550781,286.54998779296875,3005300.0
2023-12-06,280.0728454589844,286.8599853515625,287.3699951171875,283.3999938964844,286.7300109863281,2765100.0
2023-12-07,280.0044860839844,286.7900085449219,288.1499938964844,285.6400146484375,287.489990234375,3131900.0
2023-12-08,278.7742919921875,285.5299987792969,287.8999938964844,285.04998779296875,287.3299865722656,3623600.0
2023-12-11,282.30865478515625,289.1499938964844,289.30999755859375,285.55999755859375,285.55999755859375,3353000.0
2023-12-12,284.52496337890625,291.4200134277344,291.70001220703125,288.510009765625,289.1199951171875,2252200.0
2023-12-13,288.92822265625,295.92999267578125,295.9700012207031,291.54998779296875,291.69000244140625,3312300.0
2023-12-14,283.1580505371094,290.0199890136719,295.2699890136719,288.010009765625,294.6000061035156,4626800.0
2023-12-15,280.47314453125,287.2699890136719,291.75,285.7200012207031,290.4100036621094,5396225.0
2023-12-18,283.3631286621094,290.2300109863281,290.5899963378906,287.55999755859375,288.6499938964844,2490100.0
2023-12-19,283.8512878417969,290.7300109863281,291.7200012207031,289.5899963378906,290.6700134277344,2054200.0
2023-12-20,282.1524658203125,288.989990234375,291.6700134277344,288.7200012207031,290.7300109863281,2398500.0
2023-12-21,284.49566650390625,291.3900146484375,291.5299987792969,289.2900085449219,290.57000732421875,2313100.0
2023-12-22,284.7983093261719,291.70001220703125,292.4700012207031,290.5,290.70001220703125,1700300.0
2023-12-26,285.93084716796875,292.8599853515625,293.04998779296875,290.8900146484375,291.2200012207031,1381500.0
2023-12-27,287.58087158203125,294.54998779296875,294.6300048828125,292.4599914550781,292.5,1892100.0
2023-12-28,288.84039306640625,295.8399963378906,296.4700012207031,294.0,294.4700012207031,1907100.0
2023-12-29,289.4945373535156,296.510009765625,296.8500061035156,295.30999755859375,295.8299865722656,2227500.0
2024-01-02,290.011962890625,297.0400085449219,297.2799987792969,295.04998779296875,295.04998779296875,4458400.0
2024-01-03,287.4247131347656,294.3900146484375,297.989990234375,294.25,297.0,3114800.0
2024-01-04,284.8373718261719,291.739990234375,297.2699890136719,290.9200134277344,295.32000732421875,4615400.0
2024-01-05,282.1524658203125,288.989990234375,290.3299865722656,287.20001220703125,289.2099914550781,3406900.0
2024-01-08,284.9935607910156,291.8999938964844,292.0,287.5199890136719,288.510009765625,3097000.0
2024-01-09,283.98797607421875,290.8699951171875,290.8699951171875,287.5199890136719,289.6300048828125,2176400.0
2024-01-10,287.1317443847656,294.0899963378906,294.3900146484375,290.8699951171875,291.0,2199700.0
2024-01-11,287.1903381347656,294.1499938964844,294.95001220703125,290.6499938964844,294.45001220703125,2047400.0
2024-01-12,286.52642822265625,293.4700012207031,295.75,292.8399963378906,295.4599914550781,1714200.0
2024-01-16,284.2027587890625,291.0899963378906,294.25,289.9800109863281,293.4700012207031,2859000.0
2024-01-17,284.2711486816406,291.1600036621094,292.3399963378906,290.1300048828125,290.1400146484375,2008200.0
2024-01-18,287.3953552246094,294.3599853515625,294.4800109863281,291.30999755859375,292.0899963378906,2221200.0
2024-01-19,293.4194030761719,300.5299987792969,301.0799865722656,296.5199890136719,298.0,4240800.0
2024-01-22,291.34954833984375,298.4100036621094,302.3900146484375,297.739990234375,300.95001220703125,3250200.0
2024-01-23,292.95074462890625,300.04998779296875,300.2099914550781,297.1300048828125,297.44000244140625,1874000.0
2024-01-24,293.3315124511719,300.44000244140625,302.0400085449219,299.30999755859375,300.0,3209700.0
2024-01-25,290.1779479980469,297.2099914550781,301.30999755859375,296.0899963378906,300.739990234375,3219600.0
2024-01-26,285.3451232910156,292.260009765625,295.9800109863281,291.70001220703125,295.3299865722656,4210500.0
2024-01-29,285.3938903808594,292.30999755859375,292.760009765625,288.30999755859375,291.6400146484375,3899700.0
2024-01-30,287.67852783203125,294.6499938964844,294.9200134277344,290.20001220703125,292.1400146484375,2524200.0
2024-01-31,285.7942199707031,292.7200012207031,297.44000244140625,291.6499938964844,295.8999938964844,3476200.0
2024-02-01,291.0273742675781,298.0799865722656,298.1300048828125,290.2799987792969,291.70001220703125,3380600.0
2024-02-02,290.021728515625,297.04998779296875,298.1700134277344,293.3500061035156,296.07000732421875,3969400.0
2024-02-05,279.20391845703125,285.9700012207031,291.44000244140625,283.3299865722656,287.010009765625,5396225.0
2024-02-06,277.9151306152344,284.6499938964844,284.67999267578125,281.5400085449219,282.9700012207031,5396225.0
2024-02-07,280.53173828125,287.3299865722656,290.5299987792969,284.1099853515625,285.04998779296875,3954700.0
2024-02-08,285.02288818359375,291.92999267578125,293.1499938964844,284.20001220703125,286.20001220703125,4605000.0
2024-02-09,282.6211242675781,289.4700012207031,292.510009765625,288.9200134277344,292.1499938964844,3323000.0
2024-02-12,282.5917663574219,289.44000244140625,291.19000244140625,288.760009765625,289.0,2392300.0
2024-02-13,280.31689453125,287.1099853515625,289.8999938964844,285.6700134277344,288.6300048828125,2756100.0
2024-02-14,281.35186767578125,288.1700134277344,288.32000732421875,286.5899963378906,287.32000732421875,2139300.0
2024-02-15,284.9545593261719,291.8599853515625,292.1000061035156,287.2799987792969,287.8999938964844,2401400.0
2024-02-16,285.1107482910156,292.0199890136719,293.70001220703125,289.260009765625,290.7900085449219,2837500.0
2024-02-20,285.7258605957031,292.6499938964844,295.5,291.8399963378906,292.0,2264000.0
2024-02-21,286.9560546875,293.9100036621094,295.20001220703125,292.25,293.0899963378906,2076800.0
2024-02-22,288.9184875488281,295.9200134277344,296.6700134277344,293.25,294.0,3146600.0
2024-02-23,290.7052001953125,297.75,298.739990234375,295.07000732421875,296.0,2199000.0
2024-02-26,290.090087890625,297.1199951171875,298.67999267578125,296.3999938964844,298.2099914550781,2595300.0
2024-02-27,286.8096008300781,293.760009765625,296.79998779296875,293.32000732421875,296.79998779296875,2811200.0
2024-02-28,288.20574951171875,295.19000244140625,296.1000061035156,292.7200012207031,294.0299987792969,2507300.0
2024-02-29,286.98822021484375,292.2799987792969,294.75,291.7099914550781,294.20001220703125,3601700.0
2024-03-01,285.46630859375,290.7300109863281,292.6700134277344,289.5299987792969,291.3900146484375,3028600.0
2024-03-04,285.6724853515625,290.94000244140625,291.239990234375,288.5,289.3699951171875,2832000.0
2024-03-05,287.2434997558594,292.5400085449219,293.510009765625,288.9200134277344,291.55999755859375,2969600.0
2024-03-06,287.62640380859375,292.92999267578125,295.1400146484375,292.1499938964844,293.3299865722656,2348000.0
2024-03-07,285.8393859863281,291.1099853515625,294.9200134277344,291.0299987792969,294.20001220703125,2237700.0
2024-03-08,287.2532958984375,292.54998779296875,293.4800109863281,288.8299865722656,290.0400085449219,2481800.0
2024-03-11,289.4822082519531,294.82000732421875,295.45001220703125,291.8699951171875,292.1499938964844,2893300.0
2024-03-12,288.9814758300781,294.30999755859375,296.3599853515625,293.5400085449219,295.67999267578125,2233100.0
2024-03-13,277.73876953125,282.8599853515625,293.4700012207031,282.6000061035156,292.260009765625,5396225.0
2024-03-14,276.6292419433594,281.7300109863281,282.5199890136719,277.8299865722656,282.4200134277344,4659300.0
2024-03-15,274.08612060546875,279.1400146484375,284.2300109863281,278.3800048828125,281.8900146484375,5071400.0
2024-03-18,273.5362548828125,278.5799865722656,280.29998779296875,278.07000732421875,279.4700012207031,3319400.0
2024-03-19,277.74859619140625,282.8699951171875,284.3999938964844,278.5799865722656,279.20001220703125,4055400.0
2024-03-20,279.29998779296875,284.45001220703125,284.6000061035156,281.3699951171875,283.5,2867300.0
2024-03-21,278.3966064453125,283.5299987792969,285.5799865722656,282.6400146484375,284.5,3653300.0
2024-03-22,277.512939453125,282.6300048828125,284.3900146484375,282.1199951171875,283.8800048828125,2556100.0
2024-03-25,273.57550048828125,278.6199951171875,280.5799865722656,277.6400146484375,280.0,2985500.0
2024-03-26,273.57550048828125,278.6199951171875,279.45001220703125,277.1700134277344,279.2200012207031,2572100.0
2024-03-27,276.9139709472656,282.0199890136719,282.29998779296875,278.1000061035156,278.1000061035156,2605000.0
2024-03-28,276.8452453613281,281.95001220703125,283.3800048828125,281.25,282.25,3453900.0
2024-04-01,275.1465759277344,280.2200012207031,281.54998779296875,278.6400146484375,281.5,2408800.0
2024-04-02,272.71142578125,277.739990234375,280.4800109863281,277.45001220703125,280.0,2907700.0
2024-04-03,270.5513000488281,275.5400085449219,277.9599914550781,275.1499938964844,276.57000732421875,2748000.0
2024-04-04,265.199951171875,270.0899963378906,276.239990234375,269.9200134277344,276.239990234375,4095100.0
2024-04-05,261.8615417480469,266.69000244140625,270.6199951171875,266.3599853515625,269.4200134277344,5396225.0
2024-04-08,262.71575927734375,267.55999755859375,268.69000244140625,265.8699951171875,267.239990234375,3753200.0
2024-04-09,264.5617370605469,269.44000244140625,269.6700134277344,265.5,266.2200012207031,3934900.0
2024-04-10,263.8056640625,268.6700134277344,268.989990234375,265.1099853515625,266.9700012207031,3817500.0
2024-04-11,263.756591796875,268.6199951171875,269.8800048828125,267.1499938964844,269.5,2519200.0
2024-04-12,262.5488586425781,267.3900146484375,268.2300109863281,266.5799865722656,267.9100036621094,2708400.0
2024-04-15,261.40985107421875,266.2300109863281,268.5199890136719,266.04998779296875,267.8599853515625,3686700.0
2024-04-16,260.62432861328125,265.42999267578125,266.989990234375,265.1499938964844,266.1300048828125,2912900.0
2024-04-17,265.0625305175781,269.95001220703125,270.1199951171875,265.5199890136719,266.5,3383100.0
2024-04-18,266.0738525390625,270.9800109863281,271.2900085449219,268.8500061035156,270.9800109863281,3402700.0
2024-04-19,267.0655822753906,271.989990234375,272.2200012207031,270.4800109863281,272.010009765625,3016700.0
2024-04-22,270.590576171875,275.5799865722656,276.5,272.32000732421875,273.75,3129300.0
2024-04-23,271.8670349121094,276.8800048828125,277.3999938964844,274.239990234375,276.82000732421875,3275700.0
2024-04-24,271.7393798828125,276.75,277.0299987792969,272.8900146484375,275.5400085449219,4071600.0
2024-04-25,270.6102294921875,275.6000061035156,279.82000732421875,274.7200012207031,277.0199890136719,4179800.0
2024-04-26,268.1456604003906,273.0899963378906,276.1099853515625,270.3699951171875,271.2300109863281,3636500.0
2024-04-29,268.5973205566406,273.54998779296875,274.42999267578125,272.6000061035156,273.8299865722656,3148900.0
2024-04-30,268.0965576171875,273.0400085449219,276.8699951171875,262.6300048828125,264.3299865722656,5396225.0
2024-05-01,269.4613952636719,274.42999267578125,276.42999267578125,270.04998779296875,271.3800048828125,4843200.0
2024-05-02,268.33221435546875,273.2799987792969,276.30999755859375,272.7099914550781,274.510009765625,3084000.0
2024-05-03,265.4258117675781,270.32000732421875,274.6199951171875,268.8900146484375,274.1400146484375,2642100.0
2024-05-06,264.4242248535156,269.29998779296875,271.8800048828125,269.0400085449219,271.05999755859375,2481300.0
2024-05-07,262.6568603515625,267.5,270.6700134277344,266.989990234375,270.0400085449219,3160000.0
2024-05-08,263.62890625,268.489990234375,268.92999267578125,266.05999755859375,267.5,3259800.0
2024-05-09,263.0987243652344,267.95001220703125,268.4800109863281,267.0199890136719,268.4599914550781,3140000.0
2024-05-10,270.02105712890625,275.0,275.3800048828125,267.8399963378906,268.1700134277344,4983500.0
2024-05-13,266.4076843261719,271.32000732421875,276.739990234375,271.1400146484375,275.3800048828125,3840700.0
2024-05-14,265.7596740722656,270.6600036621094,272.7699890136719,268.7099914550781,272.1199951171875,3143200.0
2024-05-15,268.9115295410156,273.8699951171875,274.3699951171875,270.2300109863281,271.1099853515625,2982500.0
2024-05-16,268.55804443359375,273.510009765625,275.55999755859375,272.9200134277344,274.510009765625,2339900.0
2024-05-17,267.4485168457031,272.3800048828125,274.05999755859375,270.9200134277344,274.05999755859375,2454500.0
2024-05-20,263.0201721191406,267.8699951171875,272.1300048828125,267.2799987792969,271.739990234375,2651100.0
2024-05-21,261.05633544921875,265.8699951171875,269.0799865722656,265.44000244140625,268.510009765625,2362600.0
2024-05-22,260.9581604003906,265.7699890136719,266.82000732421875,264.54998779296875,265.8699951171875,1906100.0
2024-05-23,253.2601318359375,257.92999267578125,265.6199951171875,257.6000061035156,265.1300048828125,5396225.0
2024-05-24,253.43687438964844,258.1099853515625,260.4599914550781,257.5199890136719,258.739990234375,3381100.0
2024-05-28,248.94960021972656,253.5399932861328,258.80999755859375,252.64999389648438,257.3900146484375,4324700.0
2024-05-29,244.85508728027344,249.3699951171875,253.8000030517578,249.16000366210938,253.36000061035156,4029300.0
2024-05-30,247.50621032714844,252.07000732421875,252.9600067138672,250.10000610351562,250.61000061035156,3599800.0
2024-05-31,254.20277404785156,258.8900146484375,259.25,253.50999450683594,254.19000244140625,5396225.0
2024-06-03,256.70306396484375,259.75,259.95001220703125,255.60000610351562,257.92999267578125,4342800.0
2024-06-04,259.6382141113281,262.7200012207031,263.0899963378906,259.25,259.3399963378906,4592700.0
2024-06-05,256.9402160644531,259.989990234375,261.739990234375,258.6600036621094,261.5,4136800.0
2024-06-06,257.66168212890625,260.7200012207031,261.7900085449219,258.92999267578125,260.9100036621094,3354300.0
2024-06-07,253.20457458496094,256.2099914550781,261.3999938964844,255.33999633789062,260.07000732421875,2290100.0
2024-06-10,250.83273315429688,253.80999755859375,256.0,253.14999389648438,256.0,2867100.0
2024-06-11,251.29722595214844,254.27999877929688,254.69000244140625,252.10000610351562,253.00999450683594,2729400.0
2024-06-12,251.494873046875,254.47999572753906,256.30999755859375,253.41000366210938,254.8800048828125,3169600.0
2024-06-13,250.72401428222656,253.6999969482422,254.74000549316406,251.17999267578125,253.58999633789062,3153000.0
2024-06-14,250.6054229736328,253.5800018310547,253.6199951171875,250.61000061035156,252.86000061035156,2806600.0
2024-06-17,250.5362548828125,253.50999450683594,254.52000427246094,251.8800048828125,252.3000030517578,2532900.0
2024-06-18,247.84815979003906,250.7899932861328,254.35000610351562,249.35000610351562,253.9499969482422,2956300.0
2024-06-20,250.82286071777344,253.8000030517578,255.69000244140625,249.50999450683594,250.27000427246094,4046500.0
2024-06-21,256.3472900390625,259.3900146484375,261.4599914550781,255.61000061035156,258.2799987792969,5396225.0
2024-06-24,257.32568359375,260.3800048828125,261.3699951171875,257.79998779296875,259.0,3901200.0
2024-06-25,254.36085510253906,257.3800048828125,260.1300048828125,255.58999633789062,260.1300048828125,4252300.0
2024-06-26,254.80555725097656,257.8299865722656,258.1700134277344,254.67999267578125,256.6499938964844,2796100.0
2024-06-27,255.14161682128906,258.1700134277344,258.8299865722656,256.9700012207031,258.0,2651000.0
2024-06-28,251.8506622314453,254.83999633789062,259.489990234375,252.86000061035156,257.5400085449219,5396225.0
2024-07-01,247.0575408935547,249.99000549316406,255.33999633789062,249.72000122070312,254.8300018310547,3817600.0
2024-07-02,244.8833465576172,247.7899932861328,251.02999877929688,247.41000366210938,249.67999267578125,3944900.0
2024-07-03,247.0674285888672,250.0,250.97999572753906,248.17999267578125,248.5,2026100.0
2024-07-05,248.14463806152344,251.08999633789062,251.4199981689453,248.80999755859375,251.0,2814300.0
2024-07-08,244.94265747070312,247.85000610351562,252.5800018310547,247.05999755859375,251.75999450683594,3163900.0
2024-07-09,242.93646240234375,245.82000732421875,247.39999389648438,243.52999877929688,247.22999572753906,4927300.0
2024-07-10,247.5516815185547,250.49000549316406,250.55999755859375,245.89999389648438,247.0,4092700.0
2024-07-11,251.81112670898438,254.8000030517578,255.64999389648438,249.8699951171875,251.22000122070312,5396225.0
2024-07-12,250.9216766357422,253.89999389648438,256.9200134277344,251.80999755859375,254.25,4543000.0
2024-07-15,248.57948303222656,251.52999877929688,255.72999572753906,251.19000244140625,253.63999938964844,3393600.0
2024-07-16,254.25213623046875,257.2699890136719,257.30999755859375,250.10000610351562,251.0,4173000.0
2024-07-17,257.9383850097656,261.0,262.04998779296875,257.8599853515625,258.9700012207031,3711500.0
2024-07-18,256.4757385253906,259.5199890136719,262.3299865722656,257.6000061035156,258.0299987792969,3421800.0
2024-07-19,254.26202392578125,257.2799987792969,260.44000244140625,255.02999877929688,260.3900146484375,3470600.0
2024-07-22,256.4955139160156,259.5400085449219,259.7900085449219,256.3999938964844,258.29998779296875,2759500.0
2024-07-23,251.06991577148438,254.0500030517578,260.1400146484375,253.50999450683594,259.67999267578125,2653100.0
2024-07-24,250.3979034423828,253.3699951171875,254.3300018310547,246.1199951171875,246.32000732421875,5396225.0
2024-07-25,248.5102996826172,251.4600067138672,256.0899963378906,251.10000610351562,254.19000244140625,3323100.0
2024-07-26,249.04397583007812,252.0,254.0500030517578,250.75,252.89999389648438,4002900.0
2024-07-29,258.3534851074219,261.4200134277344,263.92999267578125,250.22999572753906,253.5500030517578,5396225.0
2024-07-30,263.3145751953125,266.44000244140625,267.3699951171875,260.30999755859375,261.0,4936600.0
2024-07-31,262.2867736816406,265.3999938964844,267.6700134277344,263.20001220703125,265.4200134277344,4652100.0
2024-08-01,265.5975036621094,268.75,268.7699890136719,262.3999938964844,266.82000732421875,4936000.0
2024-08-02,273.4443359375,276.69000244140625,276.80999755859375,268.79998779296875,269.3999938964844,5396225.0
2024-08-05,265.301025390625,268.45001220703125,277.8699951171875,267.67999267578125,274.0400085449219,5396225.0
2024-08-06,266.8921203613281,270.05999755859375,273.20001220703125,268.0799865722656,269.8599853515625,3369300.0
2024-08-07,266.210205078125,269.3699951171875,273.1400146484375,268.5799865722656,269.55999755859375,3540000.0
2024-08-08,268.0088806152344,271.19000244140625,273.6499938964844,268.0799865722656,268.92999267578125,3227200.0
2024-08-09,264.767333984375,267.9100036621094,271.70001220703125,266.9599914550781,271.70001220703125,2664900.0
2024-08-12,266.2991638183594,269.4599914550781,269.5299987792969,265.3299865722656,267.4599914550781,3008100.0
2024-08-13,267.1391906738281,270.30999755859375,272.0,267.5400085449219,270.30999755859375,2603600.0
2024-08-14,267.9693298339844,271.1499938964844,271.510009765625,268.5,269.8599853515625,2242100.0
2024-08-15,271.64569091796875,274.8699951171875,275.760009765625,271.8500061035156,272.0,2445200.0
2024-08-16,275.22320556640625,278.489990234375,279.5,274.70001220703125,274.75,3286000.0
2024-08-19,284.17694091796875,287.54998779296875,288.32000732421875,281.7200012207031,282.3299865722656,5268800.0
2024-08-20,282.27947998046875,285.6300048828125,290.2699890136719,285.2099914550781,286.5,3697600.0
2024-08-21,286.3116149902344,289.7099914550781,289.9700012207031,286.2699890136719,287.1499938964844,2686300.0
2024-08-22,285.8174743652344,289.2099914550781,290.5,287.54998779296875,289.54998779296875,1746400.0
2024-08-23,286.12384033203125,289.5199890136719,290.7799987792969,287.1300048828125,290.3800048828125,2145900.0
2024-08-26,285.293701171875,288.67999267578125,292.2099914550781,287.8699951171875,289.25,2018500.0
2024-08-27,286.2424621582031,289.6400146484375,290.29998779296875,288.05999755859375,289.0799865722656,2897600.0
2024-08-28,283.68280029296875,287.04998779296875,290.9599914550781,285.260009765625,289.95001220703125,2603800.0
2024-08-29,284.4832763671875,287.8599853515625,289.1099853515625,284.7799987792969,287.7799987792969,1797100.0
2024-08-30,285.2739562988281,288.6600036621094,288.8800048828125,286.2900085449219,287.55999755859375,2528500.0
2024-09-03,283.8127136230469,285.5199890136719,288.2099914550781,283.7099914550781,286.3599853515625,2902800.0
2024-09-04,286.3077087402344,288.0299987792969,288.9700012207031,285.989990234375,286.54998779296875,2558300.0
2024-09-05,286.2480773925781,287.9700012207031,289.54998779296875,286.239990234375,289.0,2412500.0
2024-09-06,287.77886962890625,289.510009765625,292.19000244140625,287.57000732421875,287.82000732421875,3863600.0
2024-09-09,289.5482177734375,291.2900085449219,291.739990234375,287.79998779296875,290.0299987792969,3208600.0
2024-09-10,289.5283203125,291.2699890136719,296.2300109863281,291.0400085449219,292.80999755859375,2497100.0
2024-09-11,288.49456787109375,290.2300109863281,291.44000244140625,285.8299865722656,290.8299865722656,2747500.0
2024-09-12,290.6018981933594,292.3500061035156,292.69000244140625,288.260009765625,290.1700134277344,2274700.0
2024-09-13,294.75689697265625,296.5299987792969,296.739990234375,292.6199951171875,294.489990234375,2205500.0
2024-09-16,294.9159240722656,296.69000244140625,300.1099853515625,295.0400085449219,297.4200134277344,2916200.0
2024-09-17,291.9934997558594,293.75,297.3900146484375,292.1700134277344,297.0,2997400.0
2024-09-18,290.2837829589844,292.0299987792969,295.1000061035156,290.3699951171875,293.8800048828125,1788200.0
2024-09-19,292.0929260253906,293.8500061035156,295.0799865722656,290.8999938964844,294.25,2271400.0
2024-09-20,295.0550842285156,296.8299865722656,298.04998779296875,292.8299865722656,292.94000244140625,5396225.0
2024-09-23,297.2717590332031,299.05999755859375,300.2200012207031,296.8900146484375,299.0,2312400.0
2024-09-24,298.4745178222656,300.2699890136719,301.45001220703125,297.70001220703125,299.05999755859375,2408100.0
2024-09-25,298.67333984375,300.4700012207031,301.79998779296875,298.3999938964844,300.3299865722656,1986200.0
2024-09-26,301.8343200683594,303.6499938964844,304.2900085449219,300.739990234375,301.1499938964844,1971100.0
2024-09-27,301.87408447265625,303.69000244140625,306.9599914550781,303.5199890136719,303.5199890136719,3402800.0
2024-09-30,302.6891784667969,304.510009765625,305.0299987792969,302.1000061035156,303.75,2286500.0
2024-10-01,301.1683349609375,302.9800109863281,305.2300109863281,302.25,304.510009765625,3036200.0
2024-10-02,301.94366455078125,303.760009765625,304.0799865722656,299.5799865722656,300.5799865722656,2352400.0
2024-10-03,301.6355285644531,303.45001220703125,304.0199890136719,301.260009765625,303.5,1802500.0
2024-10-04,301.94366455078125,303.760009765625,305.8900146484375,301.3800048828125,303.04998779296875,2432400.0
2024-10-07,299.0510559082031,300.8500061035156,305.1199951171875,300.0,303.760009765625,2091800.0
2024-10-08,300.0947570800781,301.8999938964844,303.3500061035156,300.3599853515625,302.6400146484375,2038300.0
2024-10-09,302.0132141113281,303.8299865722656,305.010009765625,301.9599914550781,302.94000244140625,1854100.0
2024-10-10,302.22198486328125,304.0400085449219,305.75,302.92999267578125,304.0299987792969,1739500.0
2024-10-11,303.21600341796875,305.0400085449219,305.5,302.9700012207031,304.4200134277344,1775600.0
2024-10-14,307.9873046875,309.8399963378906,310.4200134277344,304.5,305.1499938964844,2376300.0
2024-10-15,311.46636962890625,313.3399963378906,315.3599853515625,311.010009765625,312.0,3067100.0
2024-10-16,311.04888916015625,312.9200134277344,313.7300109863281,310.1099853515625,313.32000732421875,1821300.0
2024-10-17,312.8182373046875,314.70001220703125,315.04998779296875,312.4800109863281,313.9800109863281,3095200.0
2024-10-18,314.6671142578125,316.55999755859375,317.17999267578125,314.2300109863281,315.57000732421875,2531200.0
2024-10-21,313.0071105957031,314.8900146484375,317.8999938964844,314.4100036621094,317.1300048828125,2404100.0
2024-10-22,312.80828857421875,314.69000244140625,315.739990234375,313.29998779296875,314.0899963378906,5396225.0
2024-10-23,296.7846984863281,298.57000732421875,301.6000061035156,290.8299865722656,292.7699890136719,5396225.0
2024-10-24,299.77667236328125,301.5799865722656,302.3900146484375,298.2799987792969,299.1199951171875,5396225.0
2024-10-25,290.8603210449219,292.6099853515625,301.6000061035156,292.20001220703125,301.0,5396225.0
2024-10-28,295.0153503417969,296.7900085449219,299.9200134277344,296.5400085449219,299.20001220703125,5396225.0
2024-10-29,293.23602294921875,295.0,302.70001220703125,295.0,297.6000061035156,5396225.0
2024-10-30,289.7768249511719,291.5199890136719,295.3699951171875,289.8399963378906,294.5,4924000.0
2024-10-31,290.3633117675781,292.1099853515625,294.3800048828125,291.1700134277344,292.25,4277400.0
